"management","node_id","taxon","abun","services","body_mass","type","weight","output"
"E",95,"Crop",280,"Crop production",500,"D",140000,"+"
"E",99,"Crop",158,"Crop production",250,"D",39500,"+"
"E",98,"Crop",32,"Crop production",500,"D",16000,"+"
"E",97,"Crop",28,"Crop production",300,"D",8400,"+"
"E",94,"Crop",9,"Crop production",200,"D",1800,"+"
"E",96,"Crop",12,"Crop production",300,"D",3600,"+"
"SE",95,"Crop",280,"Crop production",500,"D",140000,"+"
"SE",99,"Crop",158,"Crop production",250,"D",39500,"+"
"SE",98,"Crop",32,"Crop production",500,"D",16000,"+"
"SE",97,"Crop",28,"Crop production",300,"D",8400,"+"
"SE",94,"Crop",9,"Crop production",200,"D",1800,"+"
"SE",96,"Crop",12,"Crop production",300,"D",3600,"+"
"M",95,"Crop",280,"Crop production",500,"D",140000,"+"
"M",99,"Crop",158,"Crop production",250,"D",39500,"+"
"M",98,"Crop",32,"Crop production",500,"D",16000,"+"
"M",97,"Crop",28,"Crop production",300,"D",8400,"+"
"M",94,"Crop",9,"Crop production",200,"D",1800,"+"
"M",96,"Crop",12,"Crop production",300,"D",3600,"+"
"E",326,"Flower-visiting",398.64021619,"Pollination",0.00440259571428571,"D",1.75505170734002,"+"
"E",105,"Flower-visiting",377.052953924,"Pollination",0.343,"D",129.329163195932,"+"
"E",317,"Flower-visiting",3402.889355599,"Pollination",0.706444444444444,"D",2403.95228032205,"+"
"E",202,"Flower-visiting",380.318742848,"Pollination",1.01766666666667,"D",387.037707304983,"+"
"E",259,"Flower-visiting",20513.368453725,"Pollination",0.00440259571428571,"D",90.3120680399334,"+"
"E",123,"Flower-visiting",8514.665805465,"Pollination",0.615121951219512,"D",5237.55784423969,"+"
"E",308,"Flower-visiting",1398.22500923,"Pollination",0.00440259571428571,"D",6.15581943324309,"+"
"E",183,"Flower-visiting",582.00360377,"Pollination",0.6738,"D",392.154028220226,"+"
"E",179,"Flower-visiting",19285.9405956275,"Pollination",0.00440259571428571,"D",84.9081994122784,"+"
"E",164,"Flower-visiting",12898.982792323,"Pollination",0.00440259571428571,"D",56.7890063601264,"+"
"E",141,"Flower-visiting",412.8414965115,"Pollination",0.00440259571428571,"D",1.81757420322083,"+"
"E",126,"Flower-visiting",4972.51956506,"Pollination",0.738241379310345,"D",3670.91970235757,"+"
"E",193,"Flower-visiting",512.23697184,"Pollination",0.00440259571428571,"D",2.25517229692147,"+"
"E",166,"Flower-visiting",373.787165,"Pollination",0.00440259571428571,"D",1.64563377068401,"+"
"E",228,"Flower-visiting",427.731866549,"Pollination",0.00440259571428571,"D",1.88313048253205,"+"
"E",318,"Flower-visiting",4103.51910284,"Pollination",0.77820202020202,"D",3193.36685576767,"+"
"E",276,"Flower-visiting",1737.693378422,"Pollination",0.444111111111111,"D",771.728937061415,"+"
"E",144,"Flower-visiting",387.6384670465,"Pollination",0.77820202020202,"D",301.6610381636,"+"
"E",198,"Flower-visiting",551.591291737,"Pollination",0.00440259571428571,"D",2.42843345703864,"+"
"E",322,"Flower-visiting",767.195911353,"Pollination",0.861416666666667,"D",660.875344637997,"+"
"E",128,"Flower-visiting",392.073707598,"Pollination",0.00440259571428571,"D",1.72614202475506,"+"
"E",264,"Flower-visiting",771.0842595,"Pollination",0.00440259571428571,"D",3.39477225622787,"+"
"E",244,"Flower-visiting",1987.209835682,"Pollination",0.00440259571428571,"D",8.74888150595998,"+"
"E",303,"Flower-visiting",14255.192712528,"Pollination",0.00440259571428571,"D",62.7598503424927,"+"
"E",279,"Flower-visiting",415.08281502,"Pollination",0.77820202020202,"D",323.018285199705,"+"
"E",278,"Flower-visiting",385.54212975,"Pollination",0.77820202020202,"D",300.029664244439,"+"
"E",247,"Flower-visiting",773.4751031815,"Pollination",0.00440259571428571,"D",3.40529817437357,"+"
"E",190,"Flower-visiting",1012.427270574,"Pollination",0.7942,"D",804.069738289871,"+"
"E",186,"Flower-visiting",1362.813672148,"Pollination",0.993111111111111,"D",1353.42540018431,"+"
"E",282,"Flower-visiting",385.54212975,"Pollination",0.77820202020202,"D",300.029664244439,"+"
"E",203,"Flower-visiting",385.54212975,"Pollination",1.03,"D",397.1083936425,"+"
"E",196,"Flower-visiting",1726.55952875,"Pollination",0.00440259571428571,"D",7.60134358173391,"+"
"E",131,"Flower-visiting",775.41763309,"Pollination",0.0025,"D",1.938544082725,"+"
"E",138,"Flower-visiting",2803.1461641915,"Pollination",0.00440259571428571,"D",12.3411192889859,"+"
"E",248,"Flower-visiting",2049.9110668245,"Pollination",0.00440259571428571,"D",9.02492967746839,"+"
"E",232,"Flower-visiting",1906.160278005,"Pollination",0.740583333333333,"D",1411.67053255254,"+"
"E",237,"Flower-visiting",4975.7827293,"Pollination",0.00440259571428571,"D",21.906359719233,"+"
"E",286,"Flower-visiting",395.51498855,"Pollination",0.00440259571428571,"D",1.74129259352599,"+"
"E",209,"Flower-visiting",1504.88349555,"Pollination",0.00440259571428571,"D",6.62539362800773,"+"
"E",285,"Flower-visiting",887.405072354,"Pollination",0.00440259571428571,"D",3.90688576838112,"+"
"E",181,"Flower-visiting",348.1438078,"Pollination",0.00440259571428571,"D",1.53273643617539,"+"
"E",249,"Flower-visiting",1447.4443788,"Pollination",0.000251,"D",0.3633085390788,"+"
"E",302,"Flower-visiting",1880.08789934,"Pollination",0.00440259571428571,"D",8.27726692811471,"+"
"E",252,"Flower-visiting",1112.57586349,"Pollination",0.00440259571428571,"D",4.8982217284188,"+"
"E",250,"Flower-visiting",348.1438078,"Pollination",0.00440259571428571,"D",1.53273643617539,"+"
"E",173,"Flower-visiting",1423.313199005,"Pollination",0.00440259571428571,"D",6.2662725900257,"+"
"E",132,"Flower-visiting",1388.963231,"Pollination",0.00440259571428571,"D",6.11504356810103,"+"
"E",295,"Flower-visiting",1433.1273476,"Pollination",0.957666666666667,"D",1372.45828988493,"+"
"E",112,"Flower-visiting",12093.214525514,"Pollination",0.50625,"D",6122.18985354146,"+"
"E",223,"Flower-visiting",360.1904645,"Pollination",0.00440259571428571,"D",1.58577299533428,"+"
"E",255,"Flower-visiting",1470.52917415,"Pollination",0.00440259571428571,"D",6.47414543984489,"+"
"E",142,"Flower-visiting",360.1904645,"Pollination",0.00440259571428571,"D",1.58577299533428,"+"
"E",143,"Flower-visiting",360.1904645,"Pollination",0.00440259571428571,"D",1.58577299533428,"+"
"E",222,"Flower-visiting",687.51463554,"Pollination",0.00440259571428571,"D",3.02684898793711,"+"
"E",158,"Flower-visiting",1046.415619075,"Pollination",0.00440259571428571,"D",4.60694491990122,"+"
"E",170,"Flower-visiting",360.1904645,"Pollination",0.00440259571428571,"D",1.58577299533428,"+"
"E",266,"Flower-visiting",360.1904645,"Pollination",0.00440259571428571,"D",1.58577299533428,"+"
"E",140,"Flower-visiting",900.4761615,"Pollination",0.00440259571428571,"D",3.96443248943635,"+"
"E",304,"Flower-visiting",2688.18657834,"Pollination",0.00440259571428571,"D",11.8349987090001,"+"
"E",301,"Flower-visiting",332.813494,"Pollination",0.00440259571428571,"D",1.46524326234085,"+"
"E",519,"Butterfly",308.346505294,"Pollination",0.078,"D",24.051027412932,"+"
"E",524,"Butterfly",78.450780223,"Pollination",0.136,"D",10.669306110328,"+"
"E",514,"Butterfly",213.547754934,"Pollination",0.056,"D",11.958674276304,"+"
"E",516,"Butterfly",178.975910968,"Pollination",0.128,"D",22.908916603904,"+"
"E",517,"Butterfly",4709.50244501,"Pollination",0.0215,"D",101.254302567715,"+"
"E",523,"Butterfly",109.034372934,"Pollination",0.061,"D",6.651096748974,"+"
"E",513,"Butterfly",596.157977109,"Pollination",0.04,"D",23.84631908436,"+"
"E",525,"Butterfly",376.628607975,"Pollination",0.067,"D",25.234116734325,"+"
"E",522,"Butterfly",70.543187389,"Pollination",0.051,"D",3.597702556839,"+"
"E",246,"Flower-visiting",9.496916815,"Pollination",0.00440259571428571,"D",0.0418110852686469,"+"
"E",124,"Flower-visiting",4572.433568223,"Pollination",0.673046511627907,"D",3077.46046274283,"+"
"E",323,"Flower-visiting",9.496916815,"Pollination",0.50775,"D",4.82205951281625,"+"
"E",258,"Flower-visiting",566.9059917345,"Pollination",0.00440259571428571,"D",2.4958578896132,"+"
"E",101,"Flower-visiting",535.35746349,"Pollination",0.00440259571428571,"D",2.35696247437194,"+"
"E",230,"Flower-visiting",9.496916815,"Pollination",0.00440259571428571,"D",0.0418110852686469,"+"
"E",163,"Flower-visiting",9.496916815,"Pollination",0.00440259571428571,"D",0.0418110852686469,"+"
"E",167,"Flower-visiting",9.496916815,"Pollination",0.00440259571428571,"D",0.0418110852686469,"+"
"E",151,"Flower-visiting",374.77528901,"Pollination",0.00440259571428571,"D",1.64998408121561,"+"
"E",152,"Flower-visiting",32.406967601,"Pollination",0.00440259571428571,"D",0.142674776673158,"+"
"E",283,"Flower-visiting",1175.103104038,"Pollination",0.00440259571428571,"D",5.17350388968153,"+"
"E",195,"Flower-visiting",758.57283793,"Pollination",0.00440259571428571,"D",3.33968952524417,"+"
"E",254,"Flower-visiting",59.20301919,"Pollination",0.00440259571428571,"D",0.260646958558669,"+"
"E",210,"Flower-visiting",379.286418965,"Pollination",0.00440259571428571,"D",1.66984476262208,"+"
"E",335,"Flower-visiting",9.496916815,"Pollination",0.00440259571428571,"D",0.0418110852686469,"+"
"E",212,"Flower-visiting",138.8174028,"Pollination",0.515339984215776,"D",71.538158167827,"+"
"E",240,"Flower-visiting",416.4522084,"Pollination",0.00440259571428571,"D",1.83347070790666,"+"
"E",215,"Flower-visiting",176.105360125,"Pollination",0.00440259571428571,"D",0.775320703749067,"+"
"E",267,"Flower-visiting",416.4522084,"Pollination",0.00440259571428571,"D",1.83347070790666,"+"
"E",139,"Flower-visiting",185.08987035,"Pollination",0.00440259571428571,"D",0.814875869960608,"+"
"E",512,"Butterfly",61.246444452,"Pollination",0.0118,"D",0.7227080445336,"+"
"E",521,"Butterfly",18.012781921,"Pollination",0.0376,"D",0.6772806002296,"+"
"E",515,"Butterfly",64.623136982,"Pollination",0.088,"D",5.686836054416,"+"
"E",526,"Butterfly",27.116044156,"Pollination",0.041,"D",1.111757810396,"+"
"E",520,"Butterfly",38.175601595,"Pollination",0.0725,"D",2.7677311156375,"+"
"E",287,"Flower-visiting",238.07722215,"Pollination",0.00440259571428571,"D",1.04815775790664,"+"
"E",270,"Flower-visiting",238.07722215,"Pollination",0.00440259571428571,"D",1.04815775790664,"+"
"E",306,"Flower-visiting",486.00133939,"Pollination",0.00440259571428571,"D",2.13966741393553,"+"
"E",236,"Flower-visiting",238.07722215,"Pollination",0.77820202020202,"D",185.272175241215,"+"
"E",305,"Flower-visiting",2434.52099482,"Pollination",0.00440259571428571,"D",10.7182116981331,"+"
"E",197,"Flower-visiting",476.1544443,"Pollination",0.00440259571428571,"D",2.09631551581327,"+"
"E",224,"Flower-visiting",607.8667243,"Pollination",0.00440259571428571,"D",2.67619143526007,"+"
"E",129,"Flower-visiting",1051.4105044415,"Pollination",0.00440259571428571,"D",4.62893538080912,"+"
"E",299,"Flower-visiting",238.07722215,"Pollination",0.00440259571428571,"D",1.04815775790664,"+"
"E",291,"Flower-visiting",272.77716843,"Pollination",0.00440259571428571,"D",1.20092759268491,"+"
"E",327,"Flower-visiting",2456.81423565,"Pollination",0.00440259571428571,"D",10.8163598246688,"+"
"E",113,"Flower-visiting",238.07722215,"Pollination",8e-05,"D",0.019046177772,"+"
"E",171,"Flower-visiting",817.61452684,"Pollination",0.00440259571428571,"D",3.59962621180352,"+"
"E",213,"Flower-visiting",238.07722215,"Pollination",0.00440259571428571,"D",1.04815775790664,"+"
"E",127,"Flower-visiting",476.1544443,"Pollination",0.675333333333333,"D",321.5629680506,"+"
"E",231,"Flower-visiting",1204.6199205,"Pollination",0.77820202020202,"D",937.437655708697,"+"
"E",320,"Flower-visiting",1204.6199205,"Pollination",0.00440259571428571,"D",5.30345449933649,"+"
"E",284,"Flower-visiting",1254.326022875,"Pollination",0.00440259571428571,"D",5.52229037262651,"+"
"E",313,"Flower-visiting",2419.238315055,"Pollination",0.00440259571428571,"D",10.6509282376969,"+"
"E",314,"Flower-visiting",1204.6199205,"Pollination",0.00165,"D",1.987622868825,"+"
"E",289,"Flower-visiting",9.84689509,"Pollination",0.00440259571428571,"D",0.043351898122255,"+"
"E",192,"Flower-visiting",9.84689509,"Pollination",0.00440259571428571,"D",0.043351898122255,"+"
"E",134,"Flower-visiting",29.54068527,"Pollination",0.00440259571428571,"D",0.130055694366765,"+"
"E",235,"Flower-visiting",41.231524128,"Pollination",0.00440259571428571,"D",0.181525731419401,"+"
"E",221,"Flower-visiting",9.84689509,"Pollination",0.00440259571428571,"D",0.043351898122255,"+"
"E",189,"Flower-visiting",312.31801494,"Pollination",0.00440259571428571,"D",1.37500995406906,"+"
"E",241,"Flower-visiting",9.84689509,"Pollination",0.00440259571428571,"D",0.043351898122255,"+"
"E",324,"Flower-visiting",9.84689509,"Pollination",0.00440259571428571,"D",0.043351898122255,"+"
"E",100,"Flower-visiting",19.69379018,"Pollination",0.01966667,"D",0.387311272519301,"+"
"E",176,"Flower-visiting",9.84689509,"Pollination",0.00440259571428571,"D",0.043351898122255,"+"
"E",281,"Flower-visiting",9.84689509,"Pollination",0.77820202020202,"D",7.66287365175535,"+"
"E",107,"Flower-visiting",19.69379018,"Pollination",0.00440259571428571,"D",0.08670379624451,"+"
"E",201,"Flower-visiting",409.17708251,"Pollination",0.00440259571428571,"D",1.80144126984246,"+"
"E",239,"Flower-visiting",9.84689509,"Pollination",0.00440259571428571,"D",0.043351898122255,"+"
"E",117,"Flower-visiting",9.84689509,"Pollination",0.00440259571428571,"D",0.043351898122255,"+"
"E",218,"Flower-visiting",9.84689509,"Pollination",0.00440259571428571,"D",0.043351898122255,"+"
"E",260,"Flower-visiting",9.84689509,"Pollination",0.00440259571428571,"D",0.043351898122255,"+"
"E",219,"Flower-visiting",44.54684137,"Pollination",0.515339984215776,"D",22.9567685284785,"+"
"E",280,"Flower-visiting",9.84689509,"Pollination",0.77820202020202,"D",7.66287365175535,"+"
"E",120,"Flower-visiting",19.69379018,"Pollination",0.00440259571428571,"D",0.08670379624451,"+"
"E",214,"Flower-visiting",183.85177558,"Pollination",0.00440259571428571,"D",0.809425039232326,"+"
"E",103,"Flower-visiting",287.93485333,"Pollination",0.00440259571428571,"D",1.26766075126414,"+"
"E",251,"Flower-visiting",19.69379018,"Pollination",0.00440259571428571,"D",0.08670379624451,"+"
"E",121,"Flower-visiting",19.69379018,"Pollination",0.00440259571428571,"D",0.08670379624451,"+"
"E",274,"Flower-visiting",9.84689509,"Pollination",0.972,"D",9.57118202748,"+"
"E",233,"Flower-visiting",88.62205583,"Pollination",0.911272727272727,"D",80.75886251272,"+"
"E",199,"Flower-visiting",59.552997465,"Pollination",0.005143,"D",0.306281065962495,"+"
"E",111,"Flower-visiting",69.39989256,"Pollination",0.00440259571428571,"D",0.305539669556545,"+"
"E",265,"Flower-visiting",312.31801494,"Pollination",0.00440259571428571,"D",1.37500995406906,"+"
"E",290,"Flower-visiting",9.84689509,"Pollination",0.00440259571428571,"D",0.043351898122255,"+"
"E",169,"Flower-visiting",112.053261844,"Pollination",0.00440259571428571,"D",0.493325210366129,"+"
"E",329,"Flower-visiting",19.69379018,"Pollination",0.00440259571428571,"D",0.08670379624451,"+"
"E",294,"Flower-visiting",237.8787410115,"Pollination",0.0015275,"D",0.363359776895066,"+"
"E",296,"Flower-visiting",128.48126311,"Pollination",0.00440259571428571,"D",0.565651058334101,"+"
"E",271,"Flower-visiting",9.84689509,"Pollination",0.00440259571428571,"D",0.043351898122255,"+"
"E",187,"Flower-visiting",123.066322828,"Pollination",1.007,"D",123.927787087796,"+"
"E",136,"Flower-visiting",9.84689509,"Pollination",0.00440259571428571,"D",0.043351898122255,"+"
"E",234,"Flower-visiting",9.84689509,"Pollination",0.77820202020202,"D",7.66287365175535,"+"
"E",216,"Flower-visiting",9.84689509,"Pollination",0.00440259571428571,"D",0.043351898122255,"+"
"E",122,"Flower-visiting",776.9705976245,"Pollination",0.656666666666667,"D",510.210692440089,"+"
"E",263,"Flower-visiting",19.693790185,"Pollination",0.00440259571428571,"D",0.086703796266523,"+"
"E",137,"Flower-visiting",19.693790185,"Pollination",0.00440259571428571,"D",0.086703796266523,"+"
"E",262,"Flower-visiting",19.693790185,"Pollination",0.00440259571428571,"D",0.086703796266523,"+"
"E",182,"Flower-visiting",19.693790185,"Pollination",0.00440259571428571,"D",0.086703796266523,"+"
"E",180,"Flower-visiting",59.081370555,"Pollination",0.00440259571428571,"D",0.260111388799569,"+"
"E",272,"Flower-visiting",19.693790185,"Pollination",0.00440259571428571,"D",0.086703796266523,"+"
"E",174,"Flower-visiting",19.693790185,"Pollination",0.00440259571428571,"D",0.086703796266523,"+"
"E",177,"Flower-visiting",19.693790185,"Pollination",0.00440259571428571,"D",0.086703796266523,"+"
"E",229,"Flower-visiting",19.693790185,"Pollination",0.00440259571428571,"D",0.086703796266523,"+"
"E",227,"Flower-visiting",22.959579109,"Pollination",0.00440259571428571,"D",0.101081744587087,"+"
"E",159,"Flower-visiting",19.693790185,"Pollination",0.00440259571428571,"D",0.086703796266523,"+"
"E",243,"Flower-visiting",100.817540475,"Pollination",0.77820202020202,"D",78.4564136694439,"+"
"E",184,"Flower-visiting",1644.86936839,"Pollination",0.00440259571428571,"D",7.24169483183366,"+"
"E",104,"Flower-visiting",311.82788961,"Pollination",0.00440259571428571,"D",1.37285213039174,"+"
"E",133,"Flower-visiting",19.693790185,"Pollination",0.00440259571428571,"D",0.086703796266523,"+"
"E",307,"Flower-visiting",39.38758037,"Pollination",0.00440259571428571,"D",0.173407592533046,"+"
"E",334,"Flower-visiting",19.693790185,"Pollination",0.00440259571428571,"D",0.086703796266523,"+"
"E",161,"Flower-visiting",19.693790185,"Pollination",0.00440259571428571,"D",0.086703796266523,"+"
"E",275,"Flower-visiting",19.693790185,"Pollination",0.00440259571428571,"D",0.086703796266523,"+"
"E",162,"Flower-visiting",19.693790185,"Pollination",0.00440259571428571,"D",0.086703796266523,"+"
"E",321,"Flower-visiting",19.693790185,"Pollination",0.00440259571428571,"D",0.086703796266523,"+"
"E",511,"Butterfly",10.11510555,"Pollination",0.0413,"D",0.417753859215,"+"
"E",226,"Flower-visiting",3.265788924,"Pollination",0.00440259571428571,"D",0.0143779483205641,"+"
"E",185,"Flower-visiting",28.118840114,"Pollination",0.00440259571428571,"D",0.123795884976581,"+"
"E",311,"Flower-visiting",3.265788924,"Pollination",0.00440259571428571,"D",0.0143779483205641,"+"
"E",316,"Flower-visiting",3.265788924,"Pollination",0.77820202020202,"D",2.54144353821018,"+"
"E",206,"Flower-visiting",3.265788924,"Pollination",0.00440259571428571,"D",0.0143779483205641,"+"
"E",245,"Flower-visiting",28.118840114,"Pollination",0.00440259571428571,"D",0.123795884976581,"+"
"E",225,"Flower-visiting",52.971891299,"Pollination",0.00440259571428571,"D",0.233213821610586,"+"
"E",288,"Flower-visiting",3.265788924,"Pollination",0.00440259571428571,"D",0.0143779483205641,"+"
"E",135,"Flower-visiting",3.265788924,"Pollination",0.00440259571428571,"D",0.0143779483205641,"+"
"E",156,"Flower-visiting",4.3543852315,"Pollination",0.00440259571428571,"D",0.0191705977585509,"+"
"E",172,"Flower-visiting",3.265788924,"Pollination",0.00440259571428571,"D",0.0143779483205641,"+"
"E",293,"Flower-visiting",743.9333895315,"Pollination",0.00440259571428571,"D",3.27523795246542,"+"
"E",150,"Flower-visiting",676.6150072315,"Pollination",0.00440259571428571,"D",2.9788623310588,"+"
"E",268,"Flower-visiting",52.971891299,"Pollination",0.00440259571428571,"D",0.233213821610586,"+"
"E",331,"Flower-visiting",3.265788924,"Pollination",0.00440259571428571,"D",0.0143779483205641,"+"
"E",178,"Flower-visiting",6.53157785,"Pollination",0.00440259571428571,"D",0.0287558966499335,"+"
"E",325,"Flower-visiting",6.53157785,"Pollination",0.00440259571428571,"D",0.0287558966499335,"+"
"E",238,"Flower-visiting",6.53157785,"Pollination",0.00440259571428571,"D",0.0287558966499335,"+"
"E",188,"Flower-visiting",311.179890315,"Pollination",0.876363636363636,"D",272.706740239691,"+"
"E",333,"Flower-visiting",561.21583135,"Pollination",0.00440259571428571,"D",2.4708064138908,"+"
"E",220,"Flower-visiting",6.53157785,"Pollination",0.00440259571428571,"D",0.0287558966499335,"+"
"E",256,"Flower-visiting",6.53157785,"Pollination",0.00440259571428571,"D",0.0287558966499335,"+"
"E",277,"Flower-visiting",327.32417104,"Pollination",0.5485,"D",179.53730781544,"+"
"E",211,"Flower-visiting",302.47111985,"Pollination",0.229,"D",69.26588644565,"+"
"E",300,"Flower-visiting",302.47111985,"Pollination",0.00440259571428571,"D",1.33165805594681,"+"
"E",315,"Flower-visiting",302.47111985,"Pollination",0.77820202020202,"D",235.383636520037,"+"
"E",165,"Flower-visiting",302.47111985,"Pollination",0.00440259571428571,"D",1.33165805594681,"+"
"E",109,"Flower-visiting",302.47111985,"Pollination",0.00440259571428571,"D",1.33165805594681,"+"
"E",125,"Flower-visiting",394.64255334,"Pollination",0.55324,"D",218.332046209822,"+"
"E",292,"Flower-visiting",369.78950215,"Pollination",0.00440259571428571,"D",1.62803367735344,"+"
"E",297,"Flower-visiting",3697.8950225,"Pollination",0.00440259571428571,"D",16.280336777937,"+"
"E",217,"Flower-visiting",5177.0530315,"Pollination",0.00440259571428571,"D",22.7924714891117,"+"
"E",208,"Flower-visiting",739.5790045,"Pollination",0.00440259571428571,"D",3.25606735558739,"+"
"E",298,"Flower-visiting",739.5790045,"Pollination",0.00440259571428571,"D",3.25606735558739,"+"
"E",114,"Flower-visiting",1294.263258,"Pollination",0.00440259571428571,"D",5.69811787282826,"+"
"E",200,"Flower-visiting",739.5790045,"Pollination",0.00440259571428571,"D",3.25606735558739,"+"
"E",154,"Flower-visiting",739.5790045,"Pollination",0.00440259571428571,"D",3.25606735558739,"+"
"E",518,"Butterfly",47.40897436,"Pollination",0.0725,"D",3.4371506411,"+"
"E",332,"Flower-visiting",24.85305119,"Pollination",0.00440259571428571,"D",0.109417936656017,"+"
"E",115,"Flower-visiting",24.85305119,"Pollination",0.00440259571428571,"D",0.109417936656017,"+"
"E",253,"Flower-visiting",24.85305119,"Pollination",0.00440259571428571,"D",0.109417936656017,"+"
"E",160,"Flower-visiting",24.85305119,"Pollination",0.00440259571428571,"D",0.109417936656017,"+"
"E",242,"Flower-visiting",24.85305119,"Pollination",0.00440259571428571,"D",0.109417936656017,"+"
"E",175,"Flower-visiting",24.85305119,"Pollination",0.00440259571428571,"D",0.109417936656017,"+"
"E",309,"Flower-visiting",49.70610238,"Pollination",0.00440259571428571,"D",0.218835873312035,"+"
"E",336,"Flower-visiting",24.85305119,"Pollination",0.77820202020202,"D",19.3406946442422,"+"
"E",330,"Flower-visiting",74.559153565,"Pollination",0.00440259571428571,"D",0.328253809946039,"+"
"E",261,"Flower-visiting",173.97135833,"Pollination",0.00440259571428571,"D",0.765925556592121,"+"
"E",146,"Flower-visiting",24.85305119,"Pollination",0.77820202020202,"D",19.3406946442422,"+"
"E",310,"Flower-visiting",24.85305119,"Pollination",0.00440259571428571,"D",0.109417936656017,"+"
"E",194,"Flower-visiting",24.85305119,"Pollination",0.00440259571428571,"D",0.109417936656017,"+"
"E",207,"Flower-visiting",24.85305119,"Pollination",0.00440259571428571,"D",0.109417936656017,"+"
"E",191,"Flower-visiting",24.85305119,"Pollination",0.28775,"D",7.1514654799225,"+"
"E",110,"Flower-visiting",24.85305119,"Pollination",0.00440259571428571,"D",0.109417936656017,"+"
"E",257,"Flower-visiting",24.85305119,"Pollination",0.00440259571428571,"D",0.109417936656017,"+"
"E",204,"Flower-visiting",149.11830714,"Pollination",0.00440259571428571,"D",0.656507619936104,"+"
"E",273,"Flower-visiting",24.85305119,"Pollination",0.00440259571428571,"D",0.109417936656017,"+"
"E",312,"Flower-visiting",24.85305119,"Pollination",0.00440259571428571,"D",0.109417936656017,"+"
"E",148,"Flower-visiting",24.85305119,"Pollination",0.77820202020202,"D",19.3406946442422,"+"
"E",149,"Flower-visiting",24.85305119,"Pollination",0.77820202020202,"D",19.3406946442422,"+"
"E",102,"Flower-visiting",24.85305119,"Pollination",0.00440259571428571,"D",0.109417936656017,"+"
"E",145,"Flower-visiting",24.85305119,"Pollination",0.77820202020202,"D",19.3406946442422,"+"
"E",147,"Flower-visiting",24.85305119,"Pollination",0.77820202020202,"D",19.3406946442422,"+"
"E",155,"Flower-visiting",24.85305119,"Pollination",0.00440259571428571,"D",0.109417936656017,"+"
"E",130,"Flower-visiting",49.706102375,"Pollination",0.00440259571428571,"D",0.218835873290022,"+"
"E",157,"Flower-visiting",49.706102375,"Pollination",0.678,"D",33.70073741025,"+"
"E",108,"Flower-visiting",49.706102375,"Pollination",0.00440259571428571,"D",0.218835873290022,"+"
"E",119,"Flower-visiting",49.706102375,"Pollination",0.00440259571428571,"D",0.218835873290022,"+"
"E",106,"Flower-visiting",49.706102375,"Pollination",0.1635,"D",8.1269477383125,"+"
"E",116,"Flower-visiting",49.706102375,"Pollination",0.00440259571428571,"D",0.218835873290022,"+"
"E",328,"Flower-visiting",49.706102375,"Pollination",0.00440259571428571,"D",0.218835873290022,"+"
"E",319,"Flower-visiting",49.706102375,"Pollination",0.00440259571428571,"D",0.218835873290022,"+"
"E",269,"Flower-visiting",49.706102375,"Pollination",0.00440259571428571,"D",0.218835873290022,"+"
"E",168,"Flower-visiting",198.8244095,"Pollination",0.00440259571428571,"D",0.875343493160087,"+"
"E",153,"Flower-visiting",49.706102375,"Pollination",0.00440259571428571,"D",0.218835873290022,"+"
"E",205,"Flower-visiting",74.57591465,"Pollination",0.00440259571428571,"D",0.328327602227027,"+"
"E",118,"Flower-visiting",37.287957325,"Pollination",0.77820202020202,"D",29.0175637195217,"+"
"SE",326,"Flower-visiting",373.787165,"Pollination",0.00440259571428571,"D",1.64563377068401,"+"
"SE",105,"Flower-visiting",377.052953924,"Pollination",0.343,"D",129.329163195932,"+"
"SE",317,"Flower-visiting",3468.11782827355,"Pollination",0.706444444444444,"D",2450.03257246258,"+"
"SE",202,"Flower-visiting",380.318742848,"Pollination",1.01766666666667,"D",387.037707304983,"+"
"SE",259,"Flower-visiting",21086.9662335135,"Pollination",0.00440259571428571,"D",92.8373871669539,"+"
"SE",123,"Flower-visiting",8417.31749714005,"Pollination",0.615121951219512,"D",5177.67676287492,"+"
"SE",308,"Flower-visiting",1425.14195684504,"Pollination",0.00440259571428571,"D",6.27432387145474,"+"
"SE",183,"Flower-visiting",432.86853555,"Pollination",0.6738,"D",291.66681925359,"+"
"SE",179,"Flower-visiting",19288.9765322023,"Pollination",0.00440259571428571,"D",84.9215654136316,"+"
"SE",164,"Flower-visiting",13070.8039604218,"Pollination",0.00440259571428571,"D",57.5454654984216,"+"
"SE",141,"Flower-visiting",387.9884453215,"Pollination",0.00440259571428571,"D",1.70815626656481,"+"
"SE",126,"Flower-visiting",4947.66651387,"Pollination",0.738241379310345,"D",3652.57215156699,"+"
"SE",193,"Flower-visiting",412.824767085,"Pollination",0.00440259571428571,"D",1.81750055031942,"+"
"SE",166,"Flower-visiting",373.787165,"Pollination",0.00440259571428571,"D",1.64563377068401,"+"
"SE",228,"Flower-visiting",402.878815359,"Pollination",0.00440259571428571,"D",1.77371254587604,"+"
"SE",318,"Flower-visiting",4078.66605165,"Pollination",0.77820202020202,"D",3174.02616112343,"+"
"SE",276,"Flower-visiting",1615.47525782704,"Pollination",0.444111111111111,"D",717.450511726077,"+"
"SE",144,"Flower-visiting",387.6384670465,"Pollination",0.77820202020202,"D",301.6610381636,"+"
"SE",198,"Flower-visiting",526.738240547,"Pollination",0.00440259571428571,"D",2.31901552038262,"+"
"SE",322,"Flower-visiting",692.636757788,"Pollination",0.861416666666667,"D",596.648847104547,"+"
"SE",128,"Flower-visiting",392.073707598,"Pollination",0.00440259571428571,"D",1.72614202475506,"+"
"SE",264,"Flower-visiting",771.0842595,"Pollination",0.00440259571428571,"D",3.39477225622787,"+"
"SE",244,"Flower-visiting",1912.650682112,"Pollination",0.00440259571428571,"D",8.42062769599193,"+"
"SE",303,"Flower-visiting",15207.7779493587,"Pollination",0.00440259571428571,"D",66.9536980236554,"+"
"SE",279,"Flower-visiting",415.08281502,"Pollination",0.77820202020202,"D",323.018285199705,"+"
"SE",278,"Flower-visiting",385.54212975,"Pollination",0.77820202020202,"D",300.029664244439,"+"
"SE",247,"Flower-visiting",674.0628984315,"Pollination",0.00440259571428571,"D",2.96762642779353,"+"
"SE",190,"Flower-visiting",1012.427270574,"Pollination",0.7942,"D",804.069738289871,"+"
"SE",186,"Flower-visiting",1263.401467398,"Pollination",0.993111111111111,"D",1254.69803506704,"+"
"SE",282,"Flower-visiting",385.54212975,"Pollination",0.77820202020202,"D",300.029664244439,"+"
"SE",203,"Flower-visiting",385.54212975,"Pollination",1.03,"D",397.1083936425,"+"
"SE",196,"Flower-visiting",1726.55952875,"Pollination",0.00440259571428571,"D",7.60134358173391,"+"
"SE",131,"Flower-visiting",775.41763309,"Pollination",0.0025,"D",1.938544082725,"+"
"SE",138,"Flower-visiting",2879.76921418655,"Pollination",0.00440259571428571,"D",12.6784596005096,"+"
"SE",248,"Flower-visiting",1977.41580968955,"Pollination",0.00440259571428571,"D",8.7057623691,"+"
"SE",232,"Flower-visiting",1806.74807325,"Pollination",0.740583333333333,"D",1338.04751058106,"+"
"SE",237,"Flower-visiting",5780.32475454324,"Pollination",0.00440259571428571,"D",25.4484329915317,"+"
"SE",286,"Flower-visiting",296.1027838,"Pollination",0.00440259571428571,"D",1.30362084694595,"+"
"SE",209,"Flower-visiting",1635.3404408991,"Pollination",0.00440259571428571,"D",7.19974281650048,"+"
"SE",285,"Flower-visiting",663.727611664,"Pollination",0.00440259571428571,"D",2.92212433856502,"+"
"SE",181,"Flower-visiting",348.1438078,"Pollination",0.00440259571428571,"D",1.53273643617539,"+"
"SE",249,"Flower-visiting",1248.6199693,"Pollination",0.000251,"D",0.3134036122943,"+"
"SE",302,"Flower-visiting",1855.23484815,"Pollination",0.00440259571428571,"D",8.16784899145869,"+"
"SE",252,"Flower-visiting",1240.96891233153,"Pollination",0.00440259571428571,"D",5.4634844149926,"+"
"SE",250,"Flower-visiting",348.1438078,"Pollination",0.00440259571428571,"D",1.53273643617539,"+"
"SE",173,"Flower-visiting",1398.460147815,"Pollination",0.00440259571428571,"D",6.15685465336968,"+"
"SE",132,"Flower-visiting",1388.963231,"Pollination",0.00440259571428571,"D",6.11504356810103,"+"
"SE",295,"Flower-visiting",1283.9755183,"Pollination",0.957666666666667,"D",1229.62055469197,"+"
"SE",112,"Flower-visiting",11596.153501749,"Pollination",0.50625,"D",5870.55271026043,"+"
"SE",223,"Flower-visiting",360.1904645,"Pollination",0.00440259571428571,"D",1.58577299533428,"+"
"SE",255,"Flower-visiting",1470.52917415,"Pollination",0.00440259571428571,"D",6.47414543984489,"+"
"SE",142,"Flower-visiting",360.1904645,"Pollination",0.00440259571428571,"D",1.58577299533428,"+"
"SE",143,"Flower-visiting",360.1904645,"Pollination",0.00440259571428571,"D",1.58577299533428,"+"
"SE",222,"Flower-visiting",662.66158435,"Pollination",0.00440259571428571,"D",2.91743105128109,"+"
"SE",158,"Flower-visiting",1049.50308323455,"Pollination",0.00440259571428571,"D",4.62053777637807,"+"
"SE",170,"Flower-visiting",360.1904645,"Pollination",0.00440259571428571,"D",1.58577299533428,"+"
"SE",266,"Flower-visiting",360.1904645,"Pollination",0.00440259571428571,"D",1.58577299533428,"+"
"SE",140,"Flower-visiting",900.4761615,"Pollination",0.00440259571428571,"D",3.96443248943635,"+"
"SE",304,"Flower-visiting",3048.5126737882,"Pollination",0.00440259571428571,"D",13.4213688325656,"+"
"SE",301,"Flower-visiting",332.813494,"Pollination",0.00440259571428571,"D",1.46524326234085,"+"
"SE",519,"Butterfly",300.525988928694,"Pollination",0.078,"D",23.4410271364381,"+"
"SE",524,"Butterfly",73.86544812,"Pollination",0.136,"D",10.04570094432,"+"
"SE",514,"Butterfly",204.377090726,"Pollination",0.056,"D",11.445117080656,"+"
"SE",516,"Butterfly",169.805246762,"Pollination",0.128,"D",21.735071585536,"+"
"SE",517,"Butterfly",4847.01549993026,"Pollination",0.0215,"D",104.210833248501,"+"
"SE",523,"Butterfly",109.034372934,"Pollination",0.061,"D",6.651096748974,"+"
"SE",513,"Butterfly",575.234252903523,"Pollination",0.04,"D",23.0093701161409,"+"
"SE",525,"Butterfly",341.296097642658,"Pollination",0.067,"D",22.8668385420581,"+"
"SE",522,"Butterfly",70.543187389,"Pollination",0.051,"D",3.597702556839,"+"
"SE",246,"Flower-visiting",9.496916815,"Pollination",0.00440259571428571,"D",0.0418110852686469,"+"
"SE",124,"Flower-visiting",4655.24830754962,"Pollination",0.673046511627907,"D",3133.19863415799,"+"
"SE",323,"Flower-visiting",9.496916815,"Pollination",0.50775,"D",4.82205951281625,"+"
"SE",258,"Flower-visiting",618.675990539545,"Pollination",0.00440259571428571,"D",2.72378026448087,"+"
"SE",101,"Flower-visiting",485.651361115,"Pollination",0.00440259571428571,"D",2.13812660108192,"+"
"SE",230,"Flower-visiting",9.496916815,"Pollination",0.00440259571428571,"D",0.0418110852686469,"+"
"SE",163,"Flower-visiting",9.496916815,"Pollination",0.00440259571428571,"D",0.0418110852686469,"+"
"SE",167,"Flower-visiting",9.496916815,"Pollination",0.00440259571428571,"D",0.0418110852686469,"+"
"SE",151,"Flower-visiting",275.36308425,"Pollination",0.00440259571428571,"D",1.21231233459155,"+"
"SE",152,"Flower-visiting",32.406967601,"Pollination",0.00440259571428571,"D",0.142674776673158,"+"
"SE",283,"Flower-visiting",1355.2661517621,"Pollination",0.00440259571428571,"D",5.9666889514643,"+"
"SE",195,"Flower-visiting",911.81893792009,"Pollination",0.00440259571428571,"D",4.01437014829154,"+"
"SE",254,"Flower-visiting",9.496916815,"Pollination",0.00440259571428571,"D",0.0418110852686469,"+"
"SE",210,"Flower-visiting",455.909468960045,"Pollination",0.00440259571428571,"D",2.00718507414577,"+"
"SE",335,"Flower-visiting",9.496916815,"Pollination",0.00440259571428571,"D",0.0418110852686469,"+"
"SE",212,"Flower-visiting",138.8174028,"Pollination",0.515339984215776,"D",71.538158167827,"+"
"SE",240,"Flower-visiting",416.4522084,"Pollination",0.00440259571428571,"D",1.83347070790666,"+"
"SE",215,"Flower-visiting",138.8174028,"Pollination",0.00440259571428571,"D",0.611156902635553,"+"
"SE",267,"Flower-visiting",416.4522084,"Pollination",0.00440259571428571,"D",1.83347070790666,"+"
"SE",139,"Flower-visiting",185.08987035,"Pollination",0.00440259571428571,"D",0.814875869960608,"+"
"SE",512,"Butterfly",71.0699256250721,"Pollination",0.0118,"D",0.83862512237585,"+"
"SE",521,"Butterfly",18.012781921,"Pollination",0.0376,"D",0.6772806002296,"+"
"SE",515,"Butterfly",60.03780488,"Pollination",0.088,"D",5.28332682944,"+"
"SE",526,"Butterfly",13.360047846,"Pollination",0.041,"D",0.547761961686,"+"
"SE",520,"Butterfly",33.590269492,"Pollination",0.0725,"D",2.43529453817,"+"
"SE",287,"Flower-visiting",238.07722215,"Pollination",0.00440259571428571,"D",1.04815775790664,"+"
"SE",270,"Flower-visiting",238.07722215,"Pollination",0.00440259571428571,"D",1.04815775790664,"+"
"SE",306,"Flower-visiting",486.00133939,"Pollination",0.00440259571428571,"D",2.13966741393553,"+"
"SE",236,"Flower-visiting",238.07722215,"Pollination",0.77820202020202,"D",185.272175241215,"+"
"SE",305,"Flower-visiting",297.158592695,"Pollination",0.00440259571428571,"D",1.30826914666218,"+"
"SE",197,"Flower-visiting",476.1544443,"Pollination",0.00440259571428571,"D",2.09631551581327,"+"
"SE",224,"Flower-visiting",684.489774295045,"Pollination",0.00440259571428571,"D",3.01353174678376,"+"
"SE",129,"Flower-visiting",1154.95050209303,"Pollination",0.00440259571428571,"D",5.08478013072691,"+"
"SE",299,"Flower-visiting",238.07722215,"Pollination",0.00440259571428571,"D",1.04815775790664,"+"
"SE",291,"Flower-visiting",247.92411724,"Pollination",0.00440259571428571,"D",1.09150965602889,"+"
"SE",327,"Flower-visiting",2916.55253574459,"Pollination",0.00440259571428571,"D",12.8404016943583,"+"
"SE",113,"Flower-visiting",238.07722215,"Pollination",8e-05,"D",0.019046177772,"+"
"SE",171,"Flower-visiting",907.696050699549,"Pollination",0.00440259571428571,"D",3.9962187426839,"+"
"SE",213,"Flower-visiting",238.07722215,"Pollination",0.00440259571428571,"D",1.04815775790664,"+"
"SE",127,"Flower-visiting",476.1544443,"Pollination",0.675333333333333,"D",321.5629680506,"+"
"SE",231,"Flower-visiting",1204.6199205,"Pollination",0.77820202020202,"D",937.437655708697,"+"
"SE",320,"Flower-visiting",1204.6199205,"Pollination",0.00440259571428571,"D",5.30345449933649,"+"
"SE",284,"Flower-visiting",1204.6199205,"Pollination",0.00440259571428571,"D",5.30345449933649,"+"
"SE",313,"Flower-visiting",2285.62561713955,"Pollination",0.00440259571428571,"D",10.0626855464802,"+"
"SE",314,"Flower-visiting",1204.6199205,"Pollination",0.00165,"D",1.987622868825,"+"
"SE",289,"Flower-visiting",9.84689509,"Pollination",0.00440259571428571,"D",0.043351898122255,"+"
"SE",192,"Flower-visiting",9.84689509,"Pollination",0.00440259571428571,"D",0.043351898122255,"+"
"SE",134,"Flower-visiting",29.54068527,"Pollination",0.00440259571428571,"D",0.130055694366765,"+"
"SE",235,"Flower-visiting",16.378472938,"Pollination",0.00440259571428571,"D",0.0721077947633833,"+"
"SE",221,"Flower-visiting",9.84689509,"Pollination",0.00440259571428571,"D",0.043351898122255,"+"
"SE",189,"Flower-visiting",312.31801494,"Pollination",0.00440259571428571,"D",1.37500995406906,"+"
"SE",241,"Flower-visiting",9.84689509,"Pollination",0.00440259571428571,"D",0.043351898122255,"+"
"SE",324,"Flower-visiting",9.84689509,"Pollination",0.00440259571428571,"D",0.043351898122255,"+"
"SE",100,"Flower-visiting",19.69379018,"Pollination",0.01966667,"D",0.387311272519301,"+"
"SE",176,"Flower-visiting",9.84689509,"Pollination",0.00440259571428571,"D",0.043351898122255,"+"
"SE",281,"Flower-visiting",9.84689509,"Pollination",0.77820202020202,"D",7.66287365175535,"+"
"SE",107,"Flower-visiting",19.69379018,"Pollination",0.00440259571428571,"D",0.08670379624451,"+"
"SE",201,"Flower-visiting",485.800132505045,"Pollination",0.00440259571428571,"D",2.13878158136614,"+"
"SE",239,"Flower-visiting",9.84689509,"Pollination",0.00440259571428571,"D",0.043351898122255,"+"
"SE",117,"Flower-visiting",9.84689509,"Pollination",0.00440259571428571,"D",0.043351898122255,"+"
"SE",218,"Flower-visiting",9.84689509,"Pollination",0.00440259571428571,"D",0.043351898122255,"+"
"SE",260,"Flower-visiting",9.84689509,"Pollination",0.00440259571428571,"D",0.043351898122255,"+"
"SE",219,"Flower-visiting",19.69379018,"Pollination",0.515339984215776,"D",10.14899752051,"+"
"SE",280,"Flower-visiting",9.84689509,"Pollination",0.77820202020202,"D",7.66287365175535,"+"
"SE",120,"Flower-visiting",19.69379018,"Pollination",0.00440259571428571,"D",0.08670379624451,"+"
"SE",214,"Flower-visiting",9.84689509,"Pollination",0.00440259571428571,"D",0.043351898122255,"+"
"SE",103,"Flower-visiting",39.387580365,"Pollination",0.00440259571428571,"D",0.173407592511033,"+"
"SE",251,"Flower-visiting",19.69379018,"Pollination",0.00440259571428571,"D",0.08670379624451,"+"
"SE",121,"Flower-visiting",19.69379018,"Pollination",0.00440259571428571,"D",0.08670379624451,"+"
"SE",274,"Flower-visiting",9.84689509,"Pollination",0.972,"D",9.57118202748,"+"
"SE",233,"Flower-visiting",88.62205583,"Pollination",0.911272727272727,"D",80.75886251272,"+"
"SE",199,"Flower-visiting",9.84689509,"Pollination",0.005143,"D",0.05064258144787,"+"
"SE",111,"Flower-visiting",19.69379018,"Pollination",0.00440259571428571,"D",0.08670379624451,"+"
"SE",265,"Flower-visiting",312.31801494,"Pollination",0.00440259571428571,"D",1.37500995406906,"+"
"SE",290,"Flower-visiting",9.84689509,"Pollination",0.00440259571428571,"D",0.043351898122255,"+"
"SE",169,"Flower-visiting",62.347159464,"Pollination",0.00440259571428571,"D",0.274489337054094,"+"
"SE",329,"Flower-visiting",19.69379018,"Pollination",0.00440259571428571,"D",0.08670379624451,"+"
"SE",294,"Flower-visiting",14.2012803215,"Pollination",0.0015275,"D",0.0216924556910912,"+"
"SE",296,"Flower-visiting",78.775160735,"Pollination",0.00440259571428571,"D",0.346815185044079,"+"
"SE",271,"Flower-visiting",9.84689509,"Pollination",0.00440259571428571,"D",0.043351898122255,"+"
"SE",187,"Flower-visiting",36.072263123,"Pollination",1.007,"D",36.324768964861,"+"
"SE",136,"Flower-visiting",9.84689509,"Pollination",0.00440259571428571,"D",0.043351898122255,"+"
"SE",234,"Flower-visiting",9.84689509,"Pollination",0.77820202020202,"D",7.66287365175535,"+"
"SE",216,"Flower-visiting",9.84689509,"Pollination",0.00440259571428571,"D",0.043351898122255,"+"
"SE",122,"Flower-visiting",627.8522904845,"Pollination",0.656666666666667,"D",412.289670751488,"+"
"SE",263,"Flower-visiting",19.693790185,"Pollination",0.00440259571428571,"D",0.086703796266523,"+"
"SE",137,"Flower-visiting",19.693790185,"Pollination",0.00440259571428571,"D",0.086703796266523,"+"
"SE",262,"Flower-visiting",19.693790185,"Pollination",0.00440259571428571,"D",0.086703796266523,"+"
"SE",182,"Flower-visiting",19.693790185,"Pollination",0.00440259571428571,"D",0.086703796266523,"+"
"SE",180,"Flower-visiting",59.081370555,"Pollination",0.00440259571428571,"D",0.260111388799569,"+"
"SE",272,"Flower-visiting",19.693790185,"Pollination",0.00440259571428571,"D",0.086703796266523,"+"
"SE",174,"Flower-visiting",19.693790185,"Pollination",0.00440259571428571,"D",0.086703796266523,"+"
"SE",177,"Flower-visiting",19.693790185,"Pollination",0.00440259571428571,"D",0.086703796266523,"+"
"SE",229,"Flower-visiting",19.693790185,"Pollination",0.00440259571428571,"D",0.086703796266523,"+"
"SE",227,"Flower-visiting",22.959579109,"Pollination",0.00440259571428571,"D",0.101081744587087,"+"
"SE",159,"Flower-visiting",19.693790185,"Pollination",0.00440259571428571,"D",0.086703796266523,"+"
"SE",243,"Flower-visiting",26.25838691,"Pollination",0.77820202020202,"D",20.4343297406083,"+"
"SE",184,"Flower-visiting",78.77516074,"Pollination",0.00440259571428571,"D",0.346815185066092,"+"
"SE",104,"Flower-visiting",137.856531295,"Pollination",0.00440259571428571,"D",0.606926573865661,"+"
"SE",133,"Flower-visiting",19.693790185,"Pollination",0.00440259571428571,"D",0.086703796266523,"+"
"SE",307,"Flower-visiting",39.38758037,"Pollination",0.00440259571428571,"D",0.173407592533046,"+"
"SE",334,"Flower-visiting",19.693790185,"Pollination",0.00440259571428571,"D",0.086703796266523,"+"
"SE",161,"Flower-visiting",19.693790185,"Pollination",0.00440259571428571,"D",0.086703796266523,"+"
"SE",275,"Flower-visiting",19.693790185,"Pollination",0.00440259571428571,"D",0.086703796266523,"+"
"SE",162,"Flower-visiting",19.693790185,"Pollination",0.00440259571428571,"D",0.086703796266523,"+"
"SE",321,"Flower-visiting",19.693790185,"Pollination",0.00440259571428571,"D",0.086703796266523,"+"
"SE",511,"Butterfly",10.11510555,"Pollination",0.0413,"D",0.417753859215,"+"
"SE",226,"Flower-visiting",3.265788924,"Pollination",0.00440259571428571,"D",0.0143779483205641,"+"
"SE",185,"Flower-visiting",3.265788924,"Pollination",0.00440259571428571,"D",0.0143779483205641,"+"
"SE",311,"Flower-visiting",3.265788924,"Pollination",0.00440259571428571,"D",0.0143779483205641,"+"
"SE",316,"Flower-visiting",3.265788924,"Pollination",0.77820202020202,"D",2.54144353821018,"+"
"SE",206,"Flower-visiting",3.265788924,"Pollination",0.00440259571428571,"D",0.0143779483205641,"+"
"SE",245,"Flower-visiting",3.265788924,"Pollination",0.00440259571428571,"D",0.0143779483205641,"+"
"SE",225,"Flower-visiting",3.265788924,"Pollination",0.00440259571428571,"D",0.0143779483205641,"+"
"SE",288,"Flower-visiting",3.265788924,"Pollination",0.00440259571428571,"D",0.0143779483205641,"+"
"SE",135,"Flower-visiting",3.265788924,"Pollination",0.00440259571428571,"D",0.0143779483205641,"+"
"SE",156,"Flower-visiting",4.3543852315,"Pollination",0.00440259571428571,"D",0.0191705977585509,"+"
"SE",172,"Flower-visiting",3.265788924,"Pollination",0.00440259571428571,"D",0.0143779483205641,"+"
"SE",293,"Flower-visiting",897.17948952159,"Pollination",0.00440259571428571,"D",3.94991857551279,"+"
"SE",150,"Flower-visiting",753.238057226545,"Pollination",0.00440259571428571,"D",3.31620264258248,"+"
"SE",268,"Flower-visiting",3.265788924,"Pollination",0.00440259571428571,"D",0.0143779483205641,"+"
"SE",331,"Flower-visiting",3.265788924,"Pollination",0.00440259571428571,"D",0.0143779483205641,"+"
"SE",178,"Flower-visiting",6.53157785,"Pollination",0.00440259571428571,"D",0.0287558966499335,"+"
"SE",325,"Flower-visiting",6.53157785,"Pollination",0.00440259571428571,"D",0.0287558966499335,"+"
"SE",238,"Flower-visiting",6.53157785,"Pollination",0.00440259571428571,"D",0.0287558966499335,"+"
"SE",188,"Flower-visiting",311.179890315,"Pollination",0.876363636363636,"D",272.706740239691,"+"
"SE",333,"Flower-visiting",676.15040639955,"Pollination",0.00440259571428571,"D",2.9768168814272,"+"
"SE",220,"Flower-visiting",6.53157785,"Pollination",0.00440259571428571,"D",0.0287558966499335,"+"
"SE",256,"Flower-visiting",6.53157785,"Pollination",0.00440259571428571,"D",0.0287558966499335,"+"
"SE",277,"Flower-visiting",302.47111985,"Pollination",0.5485,"D",165.905409237725,"+"
"SE",211,"Flower-visiting",302.47111985,"Pollination",0.229,"D",69.26588644565,"+"
"SE",300,"Flower-visiting",302.47111985,"Pollination",0.00440259571428571,"D",1.33165805594681,"+"
"SE",315,"Flower-visiting",302.47111985,"Pollination",0.77820202020202,"D",235.383636520037,"+"
"SE",165,"Flower-visiting",302.47111985,"Pollination",0.00440259571428571,"D",1.33165805594681,"+"
"SE",109,"Flower-visiting",302.47111985,"Pollination",0.00440259571428571,"D",1.33165805594681,"+"
"SE",125,"Flower-visiting",446.412552145045,"Pollination",0.55324,"D",246.973280348725,"+"
"SE",292,"Flower-visiting",446.412552145045,"Pollination",0.00440259571428571,"D",1.96537398887712,"+"
"SE",297,"Flower-visiting",4464.12552265766,"Pollination",0.00440259571428571,"D",19.6537398940861,"+"
"SE",217,"Flower-visiting",6249.77573172072,"Pollination",0.00440259571428571,"D",27.5152358517205,"+"
"SE",208,"Flower-visiting",892.825104531532,"Pollination",0.00440259571428571,"D",3.93074797881721,"+"
"SE",298,"Flower-visiting",892.825104531532,"Pollination",0.00440259571428571,"D",3.93074797881721,"+"
"SE",114,"Flower-visiting",1562.44393308108,"Pollination",0.00440259571428571,"D",6.87880896359448,"+"
"SE",200,"Flower-visiting",892.825104531532,"Pollination",0.00440259571428571,"D",3.93074797881721,"+"
"SE",154,"Flower-visiting",892.825104531532,"Pollination",0.00440259571428571,"D",3.93074797881721,"+"
"SE",518,"Butterfly",57.2324555336937,"Pollination",0.0725,"D",4.14935302619279,"+"
"M",326,"Flower-visiting",373.787165,"Pollination",0.00440259571428571,"D",1.64563377068401,"+"
"M",105,"Flower-visiting",373.787165,"Pollination",0.343,"D",128.208997595,"+"
"M",317,"Flower-visiting",3567.29372580676,"Pollination",0.706444444444444,"D",2520.0948342977,"+"
"M",202,"Flower-visiting",373.787165,"Pollination",1.01766666666667,"D",380.390738248335,"+"
"M",259,"Flower-visiting",21905.865916813,"Pollination",0.00440259571428571,"D",96.4426714030782,"+"
"M",123,"Flower-visiting",8457.20939409933,"Pollination",0.615121951219512,"D",5202.21514437036,"+"
"M",308,"Flower-visiting",1493.43641444932,"Pollination",0.00440259571428571,"D",6.57499675781281,"+"
"M",183,"Flower-visiting",373.787165,"Pollination",0.6738,"D",251.857791777,"+"
"M",179,"Flower-visiting",19500.9294698527,"Pollination",0.00440259571428571,"D",85.8547085085614,"+"
"M",164,"Flower-visiting",13763.0276614932,"Pollination",0.00440259571428571,"D",60.5930465980858,"+"
"M",141,"Flower-visiting",373.787165,"Pollination",0.00440259571428571,"D",1.64563377068401,"+"
"M",126,"Flower-visiting",4918.1258286,"Pollination",0.738241379310345,"D",3630.7639953275,"+"
"M",193,"Flower-visiting",383.284081815,"Pollination",0.00440259571428571,"D",1.68744485595265,"+"
"M",166,"Flower-visiting",373.787165,"Pollination",0.00440259571428571,"D",1.64563377068401,"+"
"M",228,"Flower-visiting",383.284081815,"Pollination",0.00440259571428571,"D",1.68744485595265,"+"
"M",318,"Flower-visiting",4026.31437223,"Pollination",0.77820202020202,"D",3133.28597843781,"+"
"M",276,"Flower-visiting",1490.19665916432,"Pollination",0.444111111111111,"D",661.812894075534,"+"
"M",144,"Flower-visiting",383.284081815,"Pollination",0.77820202020202,"D",298.272446779709,"+"
"M",198,"Flower-visiting",497.247083595,"Pollination",0.00440259571428571,"D",2.18917787917642,"+"
"M",322,"Flower-visiting",676.25828485,"Pollination",0.861416666666667,"D",582.540157541204,"+"
"M",128,"Flower-visiting",385.54212975,"Pollination",0.00440259571428571,"D",1.69738612811394,"+"
"M",264,"Flower-visiting",771.0842595,"Pollination",0.00440259571428571,"D",3.39477225622787,"+"
"M",244,"Flower-visiting",1893.00642025,"Pollination",0.00440259571428571,"D",8.33414195290798,"+"
"M",303,"Flower-visiting",16022.7971291492,"Pollination",0.00440259571428571,"D",70.5418979716616,"+"
"M",279,"Flower-visiting",385.54212975,"Pollination",0.77820202020202,"D",300.029664244439,"+"
"M",278,"Flower-visiting",385.54212975,"Pollination",0.77820202020202,"D",300.029664244439,"+"
"M",247,"Flower-visiting",663.17693535,"Pollination",0.00440259571428571,"D",2.91969993338504,"+"
"M",190,"Flower-visiting",1009.16148165,"Pollination",0.7942,"D",801.47604872643,"+"
"M",186,"Flower-visiting",1256.86988955,"Pollination",0.993111111111111,"D",1248.2114525331,"+"
"M",282,"Flower-visiting",385.54212975,"Pollination",0.77820202020202,"D",300.029664244439,"+"
"M",203,"Flower-visiting",385.54212975,"Pollination",1.03,"D",397.1083936425,"+"
"M",196,"Flower-visiting",1726.55952875,"Pollination",0.00440259571428571,"D",7.60134358173391,"+"
"M",131,"Flower-visiting",745.876947815,"Pollination",0.0025,"D",1.8646923695375,"+"
"M",138,"Flower-visiting",2887.94323324932,"Pollination",0.00440259571428571,"D",12.7144465018039,"+"
"M",248,"Flower-visiting",1989.00420262932,"Pollination",0.00440259571428571,"D",8.75678137819213,"+"
"M",232,"Flower-visiting",1800.2164954,"Pollination",0.740583333333333,"D",1333.21033288498,"+"
"M",237,"Flower-visiting",6477.82182610135,"Pollination",0.00440259571428571,"D",28.5192306095002,"+"
"M",286,"Flower-visiting",296.1027838,"Pollination",0.00440259571428571,"D",1.30362084694595,"+"
"M",209,"Flower-visiting",1840.22381381351,"Pollination",0.00440259571428571,"D",8.10176147602188,"+"
"M",285,"Flower-visiting",650.61492765,"Pollination",0.00440259571428571,"D",2.8643944921222,"+"
"M",181,"Flower-visiting",348.1438078,"Pollination",0.00440259571428571,"D",1.53273643617539,"+"
"M",249,"Flower-visiting",1248.6199693,"Pollination",0.000251,"D",0.3134036122943,"+"
"M",302,"Flower-visiting",1855.23484815,"Pollination",0.00440259571428571,"D",8.16784899145869,"+"
"M",252,"Flower-visiting",1377.55782757703,"Pollination",0.00440259571428571,"D",6.06483018787135,"+"
"M",250,"Flower-visiting",348.1438078,"Pollination",0.00440259571428571,"D",1.53273643617539,"+"
"M",173,"Flower-visiting",1398.460147815,"Pollination",0.00440259571428571,"D",6.15685465336968,"+"
"M",132,"Flower-visiting",1388.963231,"Pollination",0.00440259571428571,"D",6.11504356810103,"+"
"M",295,"Flower-visiting",1283.9755183,"Pollination",0.957666666666667,"D",1229.62055469197,"+"
"M",112,"Flower-visiting",11377.39414545,"Pollination",0.50625,"D",5759.80578613406,"+"
"M",223,"Flower-visiting",360.1904645,"Pollination",0.00440259571428571,"D",1.58577299533428,"+"
"M",255,"Flower-visiting",1457.46601845,"Pollination",0.00440259571428571,"D",6.41663364654503,"+"
"M",142,"Flower-visiting",360.1904645,"Pollination",0.00440259571428571,"D",1.58577299533428,"+"
"M",143,"Flower-visiting",360.1904645,"Pollination",0.00440259571428571,"D",1.58577299533428,"+"
"M",222,"Flower-visiting",662.66158435,"Pollination",0.00440259571428571,"D",2.91743105128109,"+"
"M",158,"Flower-visiting",1132.25097950676,"Pollination",0.00440259571428571,"D",4.98484330987224,"+"
"M",170,"Flower-visiting",360.1904645,"Pollination",0.00440259571428571,"D",1.58577299533428,"+"
"M",266,"Flower-visiting",360.1904645,"Pollination",0.00440259571428571,"D",1.58577299533428,"+"
"M",140,"Flower-visiting",900.4761615,"Pollination",0.00440259571428571,"D",3.96443248943635,"+"
"M",304,"Flower-visiting",3448.43252452703,"Pollination",0.00440259571428571,"D",15.1820542534861,"+"
"M",301,"Flower-visiting",332.813494,"Pollination",0.00440259571428571,"D",1.46524326234085,"+"
"M",519,"Butterfly",261.50162237536,"Pollination",0.078,"D",20.3971265452781,"+"
"M",524,"Butterfly",68.807908359,"Pollination",0.136,"D",9.357875536824,"+"
"M",514,"Butterfly",189.204393356,"Pollination",0.056,"D",10.595446027936,"+"
"M",516,"Butterfly",154.632549394,"Pollination",0.128,"D",19.792966322432,"+"
"M",517,"Butterfly",4845.42339792958,"Pollination",0.0215,"D",104.176603055486,"+"
"M",523,"Butterfly",109.034372934,"Pollination",0.061,"D",6.651096748974,"+"
"M",513,"Butterfly",386.479492004662,"Pollination",0.04,"D",15.4591796801865,"+"
"M",525,"Butterfly",339.082398298491,"Pollination",0.067,"D",22.7185206859989,"+"
"M",522,"Butterfly",70.543187389,"Pollination",0.051,"D",3.597702556839,"+"
"M",246,"Flower-visiting",9.496916815,"Pollination",0.00440259571428571,"D",0.0418110852686469,"+"
"M",124,"Flower-visiting",4863.95131423568,"Pollination",0.673046511627907,"D",3273.66546477429,"+"
"M",323,"Flower-visiting",9.496916815,"Pollination",0.50775,"D",4.82205951281625,"+"
"M",258,"Flower-visiting",663.021329364324,"Pollination",0.00440259571428571,"D",2.91901486313939,"+"
"M",101,"Flower-visiting",485.651361115,"Pollination",0.00440259571428571,"D",2.13812660108192,"+"
"M",230,"Flower-visiting",9.496916815,"Pollination",0.00440259571428571,"D",0.0418110852686469,"+"
"M",163,"Flower-visiting",9.496916815,"Pollination",0.00440259571428571,"D",0.0418110852686469,"+"
"M",167,"Flower-visiting",9.496916815,"Pollination",0.00440259571428571,"D",0.0418110852686469,"+"
"M",151,"Flower-visiting",9.496916815,"Pollination",0.00440259571428571,"D",0.0418110852686469,"+"
"M",152,"Flower-visiting",9.496916815,"Pollination",0.00440259571428571,"D",0.0418110852686469,"+"
"M",283,"Flower-visiting",1553.61794682851,"Pollination",0.00440259571428571,"D",6.83995171434458,"+"
"M",195,"Flower-visiting",1048.40785312865,"Pollination",0.00440259571428571,"D",4.61571592100767,"+"
"M",254,"Flower-visiting",9.496916815,"Pollination",0.00440259571428571,"D",0.0418110852686469,"+"
"M",210,"Flower-visiting",524.203926564324,"Pollination",0.00440259571428571,"D",2.30785796050384,"+"
"M",335,"Flower-visiting",9.496916815,"Pollination",0.00440259571428571,"D",0.0418110852686469,"+"
"M",212,"Flower-visiting",138.8174028,"Pollination",0.515339984215776,"D",71.538158167827,"+"
"M",240,"Flower-visiting",416.4522084,"Pollination",0.00440259571428571,"D",1.83347070790666,"+"
"M",215,"Flower-visiting",138.8174028,"Pollination",0.00440259571428571,"D",0.611156902635553,"+"
"M",267,"Flower-visiting",416.4522084,"Pollination",0.00440259571428571,"D",1.83347070790666,"+"
"M",139,"Flower-visiting",185.08987035,"Pollination",0.00440259571428571,"D",0.814875869960608,"+"
"M",512,"Butterfly",78.9714213512387,"Pollination",0.0118,"D",0.931862771944617,"+"
"M",521,"Butterfly",16.60496411,"Pollination",0.0376,"D",0.624346650536,"+"
"M",515,"Butterfly",60.03780488,"Pollination",0.088,"D",5.28332682944,"+"
"M",526,"Butterfly",8.302482057,"Pollination",0.041,"D",0.340401764337,"+"
"M",520,"Butterfly",8.302482057,"Pollination",0.0725,"D",0.6019299491325,"+"
"M",287,"Flower-visiting",238.07722215,"Pollination",0.00440259571428571,"D",1.04815775790664,"+"
"M",270,"Flower-visiting",238.07722215,"Pollination",0.00440259571428571,"D",1.04815775790664,"+"
"M",306,"Flower-visiting",476.1544443,"Pollination",0.00440259571428571,"D",2.09631551581327,"+"
"M",236,"Flower-visiting",238.07722215,"Pollination",0.77820202020202,"D",185.272175241215,"+"
"M",305,"Flower-visiting",238.07722215,"Pollination",0.00440259571428571,"D",1.04815775790664,"+"
"M",197,"Flower-visiting",476.1544443,"Pollination",0.00440259571428571,"D",2.09631551581327,"+"
"M",224,"Flower-visiting",752.784231899324,"Pollination",0.00440259571428571,"D",3.31420463314183,"+"
"M",129,"Flower-visiting",1267.49124192703,"Pollination",0.00440259571428571,"D",5.5802515096026,"+"
"M",299,"Flower-visiting",238.07722215,"Pollination",0.00440259571428571,"D",1.04815775790664,"+"
"M",291,"Flower-visiting",238.07722215,"Pollination",0.00440259571428571,"D",1.04815775790664,"+"
"M",327,"Flower-visiting",3326.31928148108,"Pollination",0.00440259571428571,"D",14.6444390129945,"+"
"M",113,"Flower-visiting",238.07722215,"Pollination",8e-05,"D",0.019046177772,"+"
"M",171,"Flower-visiting",1010.13773715676,"Pollination",0.00440259571428571,"D",4.4472280724446,"+"
"M",213,"Flower-visiting",238.07722215,"Pollination",0.00440259571428571,"D",1.04815775790664,"+"
"M",127,"Flower-visiting",476.1544443,"Pollination",0.675333333333333,"D",321.5629680506,"+"
"M",231,"Flower-visiting",1204.6199205,"Pollination",0.77820202020202,"D",937.437655708697,"+"
"M",320,"Flower-visiting",1204.6199205,"Pollination",0.00440259571428571,"D",5.30345449933649,"+"
"M",284,"Flower-visiting",1204.6199205,"Pollination",0.00440259571428571,"D",5.30345449933649,"+"
"M",313,"Flower-visiting",2378.22040850676,"Pollination",0.00440259571428571,"D",10.4703429781187,"+"
"M",314,"Flower-visiting",1204.6199205,"Pollination",0.00165,"D",1.987622868825,"+"
"M",122,"Flower-visiting",604.9422397,"Pollination",0.656666666666667,"D",397.245404069667,"+"
"M",277,"Flower-visiting",302.47111985,"Pollination",0.5485,"D",165.905409237725,"+"
"M",188,"Flower-visiting",302.47111985,"Pollination",0.876363636363636,"D",265.074690486727,"+"
"M",189,"Flower-visiting",302.47111985,"Pollination",0.00440259571428571,"D",1.33165805594681,"+"
"M",265,"Flower-visiting",302.47111985,"Pollination",0.00440259571428571,"D",1.33165805594681,"+"
"M",211,"Flower-visiting",302.47111985,"Pollination",0.229,"D",69.26588644565,"+"
"M",300,"Flower-visiting",302.47111985,"Pollination",0.00440259571428571,"D",1.33165805594681,"+"
"M",150,"Flower-visiting",817.178129599324,"Pollination",0.00440259571428571,"D",3.597704931182,"+"
"M",315,"Flower-visiting",302.47111985,"Pollination",0.77820202020202,"D",235.383636520037,"+"
"M",165,"Flower-visiting",302.47111985,"Pollination",0.00440259571428571,"D",1.33165805594681,"+"
"M",109,"Flower-visiting",302.47111985,"Pollination",0.00440259571428571,"D",1.33165805594681,"+"
"M",125,"Flower-visiting",514.707009749324,"Pollination",0.55324,"D",284.756506073716,"+"
"M",293,"Flower-visiting",1029.41401949865,"Pollination",0.00440259571428571,"D",4.53209375047038,"+"
"M",201,"Flower-visiting",514.707009749324,"Pollination",0.00440259571428571,"D",2.26604687523519,"+"
"M",292,"Flower-visiting",514.707009749324,"Pollination",0.00440259571428571,"D",2.26604687523519,"+"
"M",333,"Flower-visiting",772.060515006757,"Pollination",0.00440259571428571,"D",3.39907031453797,"+"
"M",297,"Flower-visiting",5147.07009888513,"Pollination",0.00440259571428571,"D",22.6604687584798,"+"
"M",217,"Flower-visiting",7205.89813843919,"Pollination",0.00440259571428571,"D",31.7246562618718,"+"
"M",208,"Flower-visiting",1029.41401977703,"Pollination",0.00440259571428571,"D",4.53209375169596,"+"
"M",298,"Flower-visiting",1029.41401977703,"Pollination",0.00440259571428571,"D",4.53209375169596,"+"
"M",114,"Flower-visiting",1801.47453478378,"Pollination",0.00440259571428571,"D",7.93116406623393,"+"
"M",200,"Flower-visiting",1029.41401977703,"Pollination",0.00440259571428571,"D",4.53209375169596,"+"
"M",154,"Flower-visiting",1029.41401977703,"Pollination",0.00440259571428571,"D",4.53209375169596,"+"
"M",518,"Butterfly",65.1339512603604,"Pollination",0.0725,"D",4.72221146637613,"+"
"SI",287,"Flower-visiting",238.07722215,"Pollination",0.00440259571428571,"D",1.04815775790664,"+"
"SI",270,"Flower-visiting",238.07722215,"Pollination",0.00440259571428571,"D",1.04815775790664,"+"
"SI",303,"Flower-visiting",30671.0183240995,"Pollination",0.00440259571428571,"D",135.032093826459,"+"
"SI",259,"Flower-visiting",30906.2816040822,"Pollination",0.00440259571428571,"D",136.06786293464,"+"
"SI",255,"Flower-visiting",238.07722215,"Pollination",0.00440259571428571,"D",1.04815775790664,"+"
"SI",123,"Flower-visiting",7527.54891997185,"Pollination",0.615121951219512,"D",4630.36057955341,"+"
"SI",124,"Flower-visiting",8677.10476898649,"Pollination",0.673046511627907,"D",5840.09509579623,"+"
"SI",306,"Flower-visiting",476.1544443,"Pollination",0.00440259571428571,"D",2.09631551581327,"+"
"SI",236,"Flower-visiting",238.07722215,"Pollination",0.77820202020202,"D",185.272175241215,"+"
"SI",305,"Flower-visiting",238.07722215,"Pollination",0.00440259571428571,"D",1.04815775790664,"+"
"SI",197,"Flower-visiting",476.1544443,"Pollination",0.00440259571428571,"D",2.09631551581327,"+"
"SI",164,"Flower-visiting",17700.3768974851,"Pollination",0.00440259571428571,"D",77.9276034701099,"+"
"SI",224,"Flower-visiting",1715.56951227185,"Pollination",0.00440259571428571,"D",7.55295898228726,"+"
"SI",112,"Flower-visiting",1492.8572306,"Pollination",0.50625,"D",755.75897299125,"+"
"SI",126,"Flower-visiting",3238.0254931,"Pollination",0.738241379310345,"D",2390.4444062682,"+"
"SI",129,"Flower-visiting",3193.06180319279,"Pollination",0.00440259571428571,"D",14.057760210186,"+"
"SI",101,"Flower-visiting",476.1544443,"Pollination",0.00440259571428571,"D",2.09631551581327,"+"
"SI",299,"Flower-visiting",238.07722215,"Pollination",0.00440259571428571,"D",1.04815775790664,"+"
"SI",291,"Flower-visiting",238.07722215,"Pollination",0.00440259571428571,"D",1.04815775790664,"+"
"SI",327,"Flower-visiting",9103.03096527838,"Pollination",0.00440259571428571,"D",40.0769651147447,"+"
"SI",113,"Flower-visiting",238.07722215,"Pollination",8e-05,"D",0.019046177772,"+"
"SI",171,"Flower-visiting",2454.31565843153,"Pollination",0.00440259571428571,"D",10.805359599315,"+"
"SI",190,"Flower-visiting",238.07722215,"Pollination",0.7942,"D",189.08092983153,"+"
"SI",213,"Flower-visiting",238.07722215,"Pollination",0.00440259571428571,"D",1.04815775790664,"+"
"SI",127,"Flower-visiting",476.1544443,"Pollination",0.675333333333333,"D",321.5629680506,"+"
"SI",231,"Flower-visiting",1204.6199205,"Pollination",0.77820202020202,"D",937.437655708697,"+"
"SI",179,"Flower-visiting",12890.7543372126,"Pollination",0.00440259571428571,"D",56.7527797989222,"+"
"SI",320,"Flower-visiting",1204.6199205,"Pollination",0.00440259571428571,"D",5.30345449933649,"+"
"SI",284,"Flower-visiting",1204.6199205,"Pollination",0.00440259571428571,"D",5.30345449933649,"+"
"SI",302,"Flower-visiting",1507.09104035,"Pollination",0.00440259571428571,"D",6.6351125552833,"+"
"SI",313,"Flower-visiting",3822.39832978153,"Pollination",0.00440259571428571,"D",16.828474504989,"+"
"SI",314,"Flower-visiting",1204.6199205,"Pollination",0.00165,"D",1.987622868825,"+"
"SI",519,"Butterfly",223.698486457207,"Pollination",0.078,"D",17.4484819436622,"+"
"SI",513,"Butterfly",413.975045667923,"Pollination",0.04,"D",16.5590018267169,"+"
"SI",516,"Butterfly",35.13035871,"Pollination",0.128,"D",4.49668591488,"+"
"SI",517,"Butterfly",5804.64786588021,"Pollination",0.0215,"D",124.799929116425,"+"
"SI",514,"Butterfly",35.13035871,"Pollination",0.056,"D",1.96730008776,"+"
"SI",522,"Butterfly",35.13037506,"Pollination",0.051,"D",1.79164912806,"+"
"SI",525,"Butterfly",293.95919865932,"Pollination",0.067,"D",19.6952663101744,"+"
"SI",515,"Butterfly",35.130358707,"Pollination",0.088,"D",3.091471566216,"+"
"SI",122,"Flower-visiting",604.9422397,"Pollination",0.656666666666667,"D",397.245404069667,"+"
"SI",277,"Flower-visiting",302.47111985,"Pollination",0.5485,"D",165.905409237725,"+"
"SI",188,"Flower-visiting",302.47111985,"Pollination",0.876363636363636,"D",265.074690486727,"+"
"SI",308,"Flower-visiting",2082.43452982185,"Pollination",0.00440259571428571,"D",9.16811733627424,"+"
"SI",189,"Flower-visiting",302.47111985,"Pollination",0.00440259571428571,"D",1.33165805594681,"+"
"SI",322,"Flower-visiting",302.47111985,"Pollination",0.861416666666667,"D",260.553663824121,"+"
"SI",265,"Flower-visiting",302.47111985,"Pollination",0.00440259571428571,"D",1.33165805594681,"+"
"SI",285,"Flower-visiting",302.47111985,"Pollination",0.00440259571428571,"D",1.33165805594681,"+"
"SI",211,"Flower-visiting",302.47111985,"Pollination",0.229,"D",69.26588644565,"+"
"SI",300,"Flower-visiting",302.47111985,"Pollination",0.00440259571428571,"D",1.33165805594681,"+"
"SI",150,"Flower-visiting",1779.96340997185,"Pollination",0.00440259571428571,"D",7.83645928032743,"+"
"SI",315,"Flower-visiting",302.47111985,"Pollination",0.77820202020202,"D",235.383636520037,"+"
"SI",222,"Flower-visiting",302.47111985,"Pollination",0.00440259571428571,"D",1.33165805594681,"+"
"SI",248,"Flower-visiting",1779.96340997185,"Pollination",0.00440259571428571,"D",7.83645928032743,"+"
"SI",165,"Flower-visiting",302.47111985,"Pollination",0.00440259571428571,"D",1.33165805594681,"+"
"SI",318,"Flower-visiting",302.47111985,"Pollination",0.77820202020202,"D",235.383636520037,"+"
"SI",109,"Flower-visiting",302.47111985,"Pollination",0.00440259571428571,"D",1.33165805594681,"+"
"SI",258,"Flower-visiting",1477.49229012185,"Pollination",0.00440259571428571,"D",6.50480122438062,"+"
"SI",195,"Flower-visiting",2954.98458024369,"Pollination",0.00440259571428571,"D",13.0096024487612,"+"
"SI",125,"Flower-visiting",1477.49229012185,"Pollination",0.55324,"D",817.40783458701,"+"
"SI",276,"Flower-visiting",1477.49229012185,"Pollination",0.444111111111111,"D",656.170742624113,"+"
"SI",210,"Flower-visiting",1477.49229012185,"Pollination",0.00440259571428571,"D",6.50480122438062,"+"
"SI",293,"Flower-visiting",2954.98458024369,"Pollination",0.00440259571428571,"D",13.0096024487612,"+"
"SI",201,"Flower-visiting",1477.49229012185,"Pollination",0.00440259571428571,"D",6.50480122438062,"+"
"SI",292,"Flower-visiting",1477.49229012185,"Pollination",0.00440259571428571,"D",6.50480122438062,"+"
"SI",138,"Flower-visiting",1477.49229012185,"Pollination",0.00440259571428571,"D",6.50480122438062,"+"
"SI",333,"Flower-visiting",2216.23843628153,"Pollination",0.00440259571428571,"D",9.75720184140833,"+"
"SI",297,"Flower-visiting",14774.922905214,"Pollination",0.00440259571428571,"D",65.0480122613968,"+"
"SI",217,"Flower-visiting",20684.8920672995,"Pollination",0.00440259571428571,"D",91.0672171659555,"+"
"SI",208,"Flower-visiting",2954.98458104279,"Pollination",0.00440259571428571,"D",13.0096024522794,"+"
"SI",237,"Flower-visiting",15513.669051973,"Pollination",0.00440259571428571,"D",68.3004128810631,"+"
"SI",298,"Flower-visiting",2954.98458104279,"Pollination",0.00440259571428571,"D",13.0096024522794,"+"
"SI",114,"Flower-visiting",5171.22301732432,"Pollination",0.00440259571428571,"D",22.7668042936877,"+"
"SI",200,"Flower-visiting",2954.98458104279,"Pollination",0.00440259571428571,"D",13.0096024522794,"+"
"SI",154,"Flower-visiting",2954.98458104279,"Pollination",0.00440259571428571,"D",13.0096024522794,"+"
"SI",283,"Flower-visiting",4432.47687256306,"Pollination",0.00440259571428571,"D",19.5144036828167,"+"
"SI",304,"Flower-visiting",8864.95374512613,"Pollination",0.00440259571428571,"D",39.0288073656333,"+"
"SI",252,"Flower-visiting",2954.98458104279,"Pollination",0.00440259571428571,"D",13.0096024522794,"+"
"SI",317,"Flower-visiting",2216.23843628153,"Pollination",0.706444444444444,"D",1565.64933087533,"+"
"SI",158,"Flower-visiting",2216.23843628153,"Pollination",0.00440259571428571,"D",9.75720184140833,"+"
"SI",209,"Flower-visiting",4432.47687256306,"Pollination",0.00440259571428571,"D",19.5144036828167,"+"
"SI",512,"Butterfly",188.568127735275,"Pollination",0.0118,"D",2.22510390727624,"+"
"SI",518,"Butterfly",188.568127747207,"Pollination",0.0725,"D",13.6711892616725,"+"
"I",179,"Flower-visiting",17246.4326948883,"Pollination",0.00440259571428571,"D",75.9290706692321,"+"
"I",258,"Flower-visiting",2299.52435909043,"Pollination",0.00440259571428571,"D",10.1238760882271,"+"
"I",259,"Flower-visiting",29893.816670663,"Pollination",0.00440259571428571,"D",131.610389157903,"+"
"I",303,"Flower-visiting",36792.3897454468,"Pollination",0.00440259571428571,"D",161.982017411634,"+"
"I",195,"Flower-visiting",4599.04871818086,"Pollination",0.00440259571428571,"D",20.2477521764542,"+"
"I",125,"Flower-visiting",2299.52435909043,"Pollination",0.55324,"D",1272.18885642319,"+"
"I",123,"Flower-visiting",2299.52435909043,"Pollination",0.615121951219512,"D",1414.4879106405,"+"
"I",276,"Flower-visiting",2299.52435909043,"Pollination",0.444111111111111,"D",1021.24431814272,"+"
"I",210,"Flower-visiting",2299.52435909043,"Pollination",0.00440259571428571,"D",10.1238760882271,"+"
"I",308,"Flower-visiting",2299.52435909043,"Pollination",0.00440259571428571,"D",10.1238760882271,"+"
"I",164,"Flower-visiting",25294.7679571459,"Pollination",0.00440259571428571,"D",111.362637001982,"+"
"I",293,"Flower-visiting",4599.04871818086,"Pollination",0.00440259571428571,"D",20.2477521764542,"+"
"I",224,"Flower-visiting",2299.52435909043,"Pollination",0.00440259571428571,"D",10.1238760882271,"+"
"I",201,"Flower-visiting",2299.52435909043,"Pollination",0.00440259571428571,"D",10.1238760882271,"+"
"I",292,"Flower-visiting",2299.52435909043,"Pollination",0.00440259571428571,"D",10.1238760882271,"+"
"I",124,"Flower-visiting",9198.09743760541,"Pollination",0.673046511627907,"D",6190.74739399391,"+"
"I",150,"Flower-visiting",2299.52435909043,"Pollination",0.00440259571428571,"D",10.1238760882271,"+"
"I",248,"Flower-visiting",2299.52435909043,"Pollination",0.00440259571428571,"D",10.1238760882271,"+"
"I",138,"Flower-visiting",2299.52435909043,"Pollination",0.00440259571428571,"D",10.1238760882271,"+"
"I",313,"Flower-visiting",3449.28654034572,"Pollination",0.00440259571428571,"D",15.1858141398695,"+"
"I",333,"Flower-visiting",3449.28654034572,"Pollination",0.00440259571428571,"D",15.1858141398695,"+"
"I",297,"Flower-visiting",22995.2435971227,"Pollination",0.00440259571428571,"D",101.238760909649,"+"
"I",217,"Flower-visiting",32193.3410359718,"Pollination",0.00440259571428571,"D",141.734265273508,"+"
"I",208,"Flower-visiting",4599.04871942455,"Pollination",0.00440259571428571,"D",20.2477521819297,"+"
"I",327,"Flower-visiting",13797.1461582737,"Pollination",0.00440259571428571,"D",60.7432565457891,"+"
"I",237,"Flower-visiting",24145.0057793108,"Pollination",0.00440259571428571,"D",106.300698965397,"+"
"I",298,"Flower-visiting",4599.04871942455,"Pollination",0.00440259571428571,"D",20.2477521819297,"+"
"I",114,"Flower-visiting",8048.33525977027,"Pollination",0.00440259571428571,"D",35.4335663217992,"+"
"I",200,"Flower-visiting",4599.04871942455,"Pollination",0.00440259571428571,"D",20.2477521819297,"+"
"I",154,"Flower-visiting",4599.04871942455,"Pollination",0.00440259571428571,"D",20.2477521819297,"+"
"I",129,"Flower-visiting",4599.04871942455,"Pollination",0.00440259571428571,"D",20.2477521819297,"+"
"I",171,"Flower-visiting",3449.28654034572,"Pollination",0.00440259571428571,"D",15.1858141398695,"+"
"I",283,"Flower-visiting",6898.57308069144,"Pollination",0.00440259571428571,"D",30.3716282797389,"+"
"I",304,"Flower-visiting",13797.1461613829,"Pollination",0.00440259571428571,"D",60.7432565594778,"+"
"I",252,"Flower-visiting",4599.04871942455,"Pollination",0.00440259571428571,"D",20.2477521819297,"+"
"I",317,"Flower-visiting",3449.28654034572,"Pollination",0.706444444444444,"D",2436.72931372423,"+"
"I",158,"Flower-visiting",3449.28654034572,"Pollination",0.00440259571428571,"D",15.1858141398695,"+"
"I",209,"Flower-visiting",6898.57308069144,"Pollination",0.00440259571428571,"D",30.3716282797389,"+"
"I",519,"Butterfly",293.956996425856,"Pollination",0.078,"D",22.9286457212168,"+"
"I",512,"Butterfly",293.956996407255,"Pollination",0.0118,"D",3.4686925576056,"+"
"I",513,"Butterfly",589.622424304214,"Pollination",0.04,"D",23.5848969721686,"+"
"I",517,"Butterfly",6191.03545586273,"Pollination",0.0215,"D",133.107262301049,"+"
"I",525,"Butterfly",293.956996394854,"Pollination",0.067,"D",19.6951187584552,"+"
"I",518,"Butterfly",293.956996425856,"Pollination",0.0725,"D",21.3118822408745,"+"
"E",358,"Aphid",39513751.0478462,"Crop damage",0.0031632,"D",124989.897314547,"-"
"E",351,"Aphid",687005.8584295,"Crop damage",0.0014099,"D",968.609559799752,"-"
"E",508,"Seed-feeding rodent",1068.418457508,"Crop damage",30.45,"D",32533.3420311186,"-"
"E",495,"Seed-feeding bird",49.697605288,"Crop damage",37.31,"D",1854.21765329528,"-"
"E",496,"Seed-feeding bird",295.873422015,"Crop damage",527.86,"D",156179.744544838,"-"
"E",497,"Seed-feeding bird",43.0016329872,"Crop damage",19.53,"D",839.821892240016,"-"
"E",498,"Seed-feeding bird",1019.632861215,"Crop damage",16,"D",16314.12577944,"-"
"E",499,"Seed-feeding bird",105.399637784,"Crop damage",26,"D",2740.390582384,"-"
"E",500,"Seed-feeding bird",266.75222162,"Crop damage",490,"D",130708.5885938,"-"
"E",501,"Seed-feeding bird",326.679857329,"Crop damage",452.1,"D",147691.963498441,"-"
"E",502,"Seed-feeding bird",90.305747109,"Crop damage",246,"D",22215.213788814,"-"
"E",503,"Seed-feeding bird",121.008724976,"Crop damage",29.7,"D",3593.9591317872,"-"
"E",504,"Seed-feeding bird",125.2983526686,"Crop damage",23.81,"D",2983.35377703937,"-"
"E",505,"Seed-feeding bird",58.258094384,"Crop damage",26.51,"D",1544.42208211984,"-"
"E",506,"Seed-feeding bird",1.9999947,"Crop damage",148.96,"D",297.919210512,"-"
"SE",358,"Aphid",86810713.0170184,"Crop damage",0.0031632,"D",274599.647415433,"-"
"SE",508,"Seed-feeding rodent",1230.78090952886,"Crop damage",30.45,"D",37477.2786951539,"-"
"SE",351,"Aphid",681482.9581655,"Crop damage",0.0014099,"D",960.822822717539,"-"
"SE",495,"Seed-feeding bird",49.697605288,"Crop damage",37.31,"D",1854.21765329528,"-"
"SE",496,"Seed-feeding bird",300.459090613919,"Crop damage",527.86,"D",158600.335571463,"-"
"SE",497,"Seed-feeding bird",43.0016329872,"Crop damage",19.53,"D",839.821892240016,"-"
"SE",498,"Seed-feeding bird",1021.93353762634,"Crop damage",16,"D",16350.9366020215,"-"
"SE",499,"Seed-feeding bird",107.180037070892,"Crop damage",26,"D",2786.68096384319,"-"
"SE",500,"Seed-feeding bird",273.148399464099,"Crop damage",490,"D",133842.715737409,"-"
"SE",501,"Seed-feeding bird",303.851101448153,"Crop damage",452.1,"D",137371.08296471,"-"
"SE",502,"Seed-feeding bird",73.0186367167297,"Crop damage",246,"D",17962.5846323155,"-"
"SE",503,"Seed-feeding bird",124.142959969748,"Crop damage",29.7,"D",3687.04591110151,"-"
"SE",504,"Seed-feeding bird",125.978874823398,"Crop damage",23.81,"D",2999.55700954511,"-"
"SE",505,"Seed-feeding bird",5.758116688,"Crop damage",26.51,"D",152.64767339888,"-"
"M",358,"Aphid",93528029.3767338,"Crop damage",0.0031632,"D",295847.862524485,"-"
"M",508,"Seed-feeding rodent",635.892337386527,"Crop damage",30.45,"D",19362.9216734197,"-"
"M",351,"Aphid",677763.02002,"Crop damage",0.0014099,"D",955.578081926198,"-"
"M",495,"Seed-feeding bird",38.3085707428333,"Crop damage",37.31,"D",1429.29277441511,"-"
"M",496,"Seed-feeding bird",233.342268506419,"Crop damage",527.86,"D",123172.049853798,"-"
"M",497,"Seed-feeding bird",32.2512247404,"Crop damage",19.53,"D",629.866419180012,"-"
"M",498,"Seed-feeding bird",795.896646482865,"Crop damage",16,"D",12734.3463437258,"-"
"M",499,"Seed-feeding bird",83.0259534120586,"Crop damage",26,"D",2158.67478871352,"-"
"M",500,"Seed-feeding bird",212.132264128266,"Crop damage",490,"D",103944.80942285,"-"
"M",501,"Seed-feeding bird",235.97656890732,"Crop damage",452.1,"D",106685.006802999,"-"
"M",502,"Seed-feeding bird",56.5631632152297,"Crop damage",246,"D",13914.5381509465,"-"
"M",503,"Seed-feeding bird",96.4117938294144,"Crop damage",29.7,"D",2863.43027673361,"-"
"M",504,"Seed-feeding bird",97.8376003705315,"Crop damage",23.81,"D",2329.51326482236,"-"
"M",505,"Seed-feeding bird",4.318587516,"Crop damage",26.51,"D",114.48575504916,"-"
"SI",358,"Aphid",156943749.094757,"Crop damage",0.0031632,"D",496444.467136535,"-"
"SI",351,"Aphid",42324.8395,"Crop damage",0.0014099,"D",59.67379121105,"-"
"SI",496,"Seed-feeding bird",218.830523185878,"Crop damage",527.86,"D",115511.879968898,"-"
"SI",497,"Seed-feeding bird",29.4304532071743,"Crop damage",19.53,"D",574.776751136115,"-"
"SI",498,"Seed-feeding bird",746.538714918036,"Crop damage",16,"D",11944.6194386886,"-"
"SI",499,"Seed-feeding bird",77.8034488371757,"Crop damage",26,"D",2022.88966976657,"-"
"SI",501,"Seed-feeding bird",221.300994303896,"Crop damage",452.1,"D",100050.179524792,"-"
"SI",504,"Seed-feeding bird",91.7530004888306,"Crop damage",23.81,"D",2184.63894163906,"-"
"SI",500,"Seed-feeding bird",198.939586217815,"Crop damage",490,"D",97480.3972467295,"-"
"SI",502,"Seed-feeding bird",53.0052229986892,"Crop damage",246,"D",13039.2848576775,"-"
"SI",505,"Seed-feeding bird",3.75606879676126,"Crop damage",26.51,"D",99.5733838021411,"-"
"SI",503,"Seed-feeding bird",90.4158660152883,"Crop damage",29.7,"D",2685.35122065406,"-"
"SI",495,"Seed-feeding bird",35.0485645401014,"Crop damage",37.31,"D",1307.66194299118,"-"
"SI",508,"Seed-feeding rodent",542.21655042796,"Crop damage",30.45,"D",16510.4939605314,"-"
"I",358,"Aphid",244056185.363753,"Crop damage",0.0031632,"D",771998.525542624,"-"
"I",508,"Seed-feeding rodent",843.889456443966,"Crop damage",30.45,"D",25696.4339487188,"-"
"I",496,"Seed-feeding bird",226.993379928682,"Crop damage",527.86,"D",119820.725529154,"-"
"I",497,"Seed-feeding bird",30.6289784509054,"Crop damage",19.53,"D",598.183949146183,"-"
"I",498,"Seed-feeding bird",774.302551423252,"Crop damage",16,"D",12388.840822772,"-"
"I",499,"Seed-feeding bird",80.7411076605473,"Crop damage",26,"D",2099.26879917423,"-"
"I",504,"Seed-feeding bird",95.1755879222874,"Crop damage",23.81,"D",2266.13074842966,"-"
"I",500,"Seed-feeding bird",206.360467542444,"Crop damage",490,"D",101116.629095797,"-"
"I",501,"Seed-feeding bird",229.556005018322,"Crop damage",452.1,"D",103782.269868783,"-"
"I",502,"Seed-feeding bird",55.0065643704932,"Crop damage",246,"D",13531.6148351413,"-"
"I",503,"Seed-feeding bird",93.7885754107342,"Crop damage",29.7,"D",2785.52068969881,"-"
"I",505,"Seed-feeding bird",3.32972175595496,"Crop damage",26.51,"D",88.2709237503659,"-"
"I",495,"Seed-feeding bird",36.4337173901892,"Crop damage",37.31,"D",1359.34199582796,"-"
"E",376,"Secondary aphid parasitoid",282081.0219198,"Pest control",5.86e-05,"D",16.5299478845003,"+"
"E",377,"Secondary aphid parasitoid",406322.13127378,"Pest control",7.44e-05,"D",30.2303665667692,"+"
"E",368,"Primary aphid parasitoid",74955.2685864,"Pest control",0.000385666666666667,"D",28.9077485848216,"+"
"E",367,"Primary aphid parasitoid",25471.4343664,"Pest control",0.00088,"D",22.414862242432,"+"
"E",378,"Secondary aphid parasitoid",85584.39979013,"Pest control",7.44e-05,"D",6.36747934438567,"+"
"E",374,"Primary aphid parasitoid",131297.608033,"Pest control",0.000385666666666667,"D",50.6371108313937,"+"
"E",369,"Primary aphid parasitoid",105718.092206,"Pest control",0.000161,"D",17.020612845166,"+"
"E",365,"Primary aphid parasitoid",271995.9307048,"Pest control",0.000116,"D",31.5515279617568,"+"
"E",381,"Secondary aphid parasitoid",412268.2922839,"Pest control",9.02e-05,"D",37.1865999640078,"+"
"E",380,"Secondary aphid parasitoid",50697.6764217,"Pest control",7.44e-05,"D",3.77190712577448,"+"
"E",370,"Primary aphid parasitoid",116404.88156019,"Pest control",0.000385666666666667,"D",44.8934826550467,"+"
"E",445,"Leaf-miner parasitoid",1407293.77583421,"Pest control",0.003286967,"D",4625.72820047245,"+"
"E",438,"Leaf-miner parasitoid",363869.13662567,"Pest control",0.003286967,"D",1196.02584440707,"+"
"E",422,"Leaf-miner parasitoid",54846.52986938,"Pest control",0.003286967,"D",180.278733745166,"+"
"E",469,"Leaf-miner parasitoid",73872.45433726,"Pest control",0.003286967,"D",242.816319615581,"+"
"E",412,"Leaf-miner parasitoid",20132.74463519,"Pest control",0.003286967,"D",66.1756672352966,"+"
"E",429,"Leaf-miner parasitoid",6130.92682972,"Pest control",0.003286967,"D",20.1521541687043,"+"
"E",457,"Leaf-miner parasitoid",148143.80056657,"Pest control",0.003286967,"D",486.943783716897,"+"
"E",545,"Rodent ectoparasite",163.860355151,"Pest control",0.000765,"D",0.125353171690515,"+"
"E",548,"Rodent ectoparasite",51.03148119,"Pest control",0.000765,"D",0.03903908311035,"+"
"E",549,"Rodent ectoparasite",2.651715998,"Pest control",0.000765,"D",0.00202856273847,"+"
"E",546,"Rodent ectoparasite",34.074783239,"Pest control",0.000765,"D",0.026067209177835,"+"
"E",547,"Rodent ectoparasite",38.893713713,"Pest control",0.000765,"D",0.029753690990445,"+"
"E",550,"Rodent ectoparasite",13.485,"Pest control",0.000765,"D",0.010316025,"+"
"E",544,"Rodent ectoparasite",243.679849855,"Pest control",0.000765,"D",0.186415085139075,"+"
"E",379,"Secondary aphid parasitoid",72.57308719,"Pest control",7.44e-05,"D",0.005399437686936,"+"
"E",366,"Primary aphid parasitoid",552.2900264,"Pest control",0.000385666666666667,"D",0.212999853514934,"+"
"E",382,"Secondary aphid parasitoid",552.2900264,"Pest control",7.44e-05,"D",0.04109037796416,"+"
"SE",376,"Secondary aphid parasitoid",281528.7318934,"Pest control",5.86e-05,"D",16.4975836889532,"+"
"SE",377,"Secondary aphid parasitoid",377694.778631571,"Pest control",7.44e-05,"D",28.1004915301889,"+"
"SE",368,"Primary aphid parasitoid",74402.97856,"Pest control",0.000385666666666667,"D",28.6947487313067,"+"
"SE",367,"Primary aphid parasitoid",24919.14434,"Pest control",0.00088,"D",21.9288470192,"+"
"SE",378,"Secondary aphid parasitoid",86734.8442082255,"Pest control",7.44e-05,"D",6.45307240909198,"+"
"SE",374,"Primary aphid parasitoid",131297.608033,"Pest control",0.000385666666666667,"D",50.6371108313937,"+"
"SE",369,"Primary aphid parasitoid",102128.2070344,"Pest control",0.000161,"D",16.4426413325384,"+"
"SE",365,"Primary aphid parasitoid",277978.433443182,"Pest control",0.000116,"D",32.2454982794091,"+"
"SE",381,"Secondary aphid parasitoid",411163.7122311,"Pest control",9.02e-05,"D",37.0869668432452,"+"
"SE",380,"Secondary aphid parasitoid",44346.1548838,"Pest control",7.44e-05,"D",3.29935392335472,"+"
"SE",370,"Primary aphid parasitoid",114748.01148099,"Pest control",0.000385666666666667,"D",44.2544830945019,"+"
"SE",445,"Leaf-miner parasitoid",1440038.24955523,"Pest control",0.003286967,"D",4733.35820502582,"+"
"SE",438,"Leaf-miner parasitoid",371207.341320838,"Pest control",0.003286967,"D",1220.14628107933,"+"
"SE",422,"Leaf-miner parasitoid",55571.2906761962,"Pest control",0.003286967,"D",182.660998600065,"+"
"SE",469,"Leaf-miner parasitoid",76069.4827065672,"Pest control",0.003286967,"D",250.037879363557,"+"
"SE",412,"Leaf-miner parasitoid",20132.74463519,"Pest control",0.003286967,"D",66.1756672352966,"+"
"SE",429,"Leaf-miner parasitoid",6130.92682972,"Pest control",0.003286967,"D",20.1521541687043,"+"
"SE",457,"Leaf-miner parasitoid",157410.472883144,"Pest control",0.003286967,"D",517.403029821289,"+"
"SE",545,"Rodent ectoparasite",88.565474543,"Pest control",0.000765,"D",0.067752588025395,"+"
"SE",548,"Rodent ectoparasite",25.306715998,"Pest control",0.000765,"D",0.01935963773847,"+"
"SE",549,"Rodent ectoparasite",2.651715998,"Pest control",0.000765,"D",0.00202856273847,"+"
"SE",546,"Rodent ectoparasite",28.374074721,"Pest control",0.000765,"D",0.021706167161565,"+"
"SE",547,"Rodent ectoparasite",26.97,"Pest control",0.000765,"D",0.02063205,"+"
"SE",550,"Rodent ectoparasite",13.485,"Pest control",0.000765,"D",0.010316025,"+"
"SE",544,"Rodent ectoparasite",143.489017137,"Pest control",0.000765,"D",0.109769098109805,"+"
"SE",379,"Secondary aphid parasitoid",72.57308719,"Pest control",7.44e-05,"D",0.005399437686936,"+"
"M",376,"Secondary aphid parasitoid",280144.34009,"Pest control",5.86e-05,"D",16.416458329274,"+"
"M",377,"Secondary aphid parasitoid",380149.503161135,"Pest control",7.44e-05,"D",28.2831230351885,"+"
"M",368,"Primary aphid parasitoid",74402.97856,"Pest control",0.000385666666666667,"D",28.6947487313067,"+"
"M",367,"Primary aphid parasitoid",24919.14434,"Pest control",0.00088,"D",21.9288470192,"+"
"M",378,"Secondary aphid parasitoid",87416.2573750676,"Pest control",7.44e-05,"D",6.50376954870503,"+"
"M",374,"Primary aphid parasitoid",131297.608033,"Pest control",0.000385666666666667,"D",50.6371108313937,"+"
"M",369,"Primary aphid parasitoid",101547.6223368,"Pest control",0.000161,"D",16.3491671962248,"+"
"M",365,"Primary aphid parasitoid",283247.44605027,"Pest control",0.000116,"D",32.8567037418314,"+"
"M",381,"Secondary aphid parasitoid",410944.8923402,"Pest control",9.02e-05,"D",37.067229289086,"+"
"M",380,"Secondary aphid parasitoid",44201.0087094,"Pest control",7.44e-05,"D",3.28855504797936,"+"
"M",370,"Primary aphid parasitoid",113366.9215656,"Pest control",0.000385666666666667,"D",43.7218427504664,"+"
"M",445,"Leaf-miner parasitoid",1483915.69683715,"Pest control",0.003286967,"D",4877.58192628571,"+"
"M",438,"Leaf-miner parasitoid",381905.389796986,"Pest control",0.003286967,"D",1255.31041338483,"+"
"M",422,"Leaf-miner parasitoid",55716.5988152568,"Pest control",0.003286967,"D",183.138621657988,"+"
"M",469,"Leaf-miner parasitoid",77456.1053903919,"Pest control",0.003286967,"D",254.59566236674,"+"
"M",412,"Leaf-miner parasitoid",20060.171548,"Pest control",0.003286967,"D",65.9371218926149,"+"
"M",429,"Leaf-miner parasitoid",4002.116272,"Pest control",0.003286967,"D",13.154824116227,"+"
"M",457,"Leaf-miner parasitoid",166012.501171392,"Pest control",0.003286967,"D",545.677612937827,"+"
"M",545,"Rodent ectoparasite",2.651715998,"Pest control",0.000765,"D",0.00202856273847,"+"
"M",548,"Rodent ectoparasite",2.651715998,"Pest control",0.000765,"D",0.00202856273847,"+"
"M",549,"Rodent ectoparasite",2.651715998,"Pest control",0.000765,"D",0.00202856273847,"+"
"SI",376,"Secondary aphid parasitoid",99891.570322,"Pest control",5.86e-05,"D",5.8536460208692,"+"
"SI",365,"Primary aphid parasitoid",246098.354719261,"Pest control",0.000116,"D",28.5474091474343,"+"
"SI",438,"Leaf-miner parasitoid",563352.26905677,"Pest control",0.003286967,"D",1851.72031776472,"+"
"SI",445,"Leaf-miner parasitoid",1657420.55974786,"Pest control",0.003286967,"D",5447.88668501275,"+"
"SI",457,"Leaf-miner parasitoid",312099.813886329,"Pest control",0.003286967,"D",1025.8617889505,"+"
"SI",370,"Primary aphid parasitoid",13443.160882,"Pest control",0.000385666666666667,"D",5.18457904682467,"+"
"SI",380,"Secondary aphid parasitoid",10082.37066,"Pest control",7.44e-05,"D",0.750128377104,"+"
"SI",369,"Primary aphid parasitoid",6721.580441,"Pest control",0.000161,"D",1.082174451001,"+"
"SI",377,"Secondary aphid parasitoid",139603.708862631,"Pest control",7.44e-05,"D",10.3865159393797,"+"
"SI",381,"Secondary aphid parasitoid",6721.580441,"Pest control",9.02e-05,"D",0.6062865557782,"+"
"SI",378,"Secondary aphid parasitoid",59719.4837698153,"Pest control",7.44e-05,"D",4.44312959247426,"+"
"SI",422,"Leaf-miner parasitoid",24624.8715013649,"Pest control",0.003286967,"D",80.9411400042268,"+"
"SI",469,"Leaf-miner parasitoid",90291.1955129955,"Pest control",0.003286967,"D",296.784180041764,"+"
"I",365,"Primary aphid parasitoid",204402.165271829,"Pest control",0.000116,"D",23.7106511715321,"+"
"I",377,"Secondary aphid parasitoid",102201.082635914,"Pest control",7.44e-05,"D",7.60376054811203,"+"
"I",378,"Secondary aphid parasitoid",51100.5413179572,"Pest control",7.44e-05,"D",3.80188027405602,"+"
"I",438,"Leaf-miner parasitoid",696244.875406642,"Pest control",0.003286967,"D",2288.53392938074,"+"
"I",445,"Leaf-miner parasitoid",1794906.51365877,"Pest control",0.003286967,"D",5899.79847848143,"+"
"I",457,"Leaf-miner parasitoid",402416.762833052,"Pest control",0.003286967,"D",1322.73061967907,"+"
"I",422,"Leaf-miner parasitoid",38325.4059838041,"Pest control",0.003286967,"D",125.974344730366,"+"
"I",469,"Leaf-miner parasitoid",140526.488619718,"Pest control",0.003286967,"D",461.90593071889,"+"
"E",499,"Seed-feeding bird",105.399637784,"Seed dispersal",26,"D",2740.390582384,"+"
"E",500,"Seed-feeding bird",266.75222162,"Seed dispersal",490,"D",130708.5885938,"+"
"E",501,"Seed-feeding bird",326.679857329,"Seed dispersal",452.1,"D",147691.963498441,"+"
"E",502,"Seed-feeding bird",90.305747109,"Seed dispersal",246,"D",22215.213788814,"+"
"E",504,"Seed-feeding bird",125.2983526686,"Seed dispersal",23.81,"D",2983.35377703937,"+"
"SE",499,"Seed-feeding bird",107.180037070892,"Seed dispersal",26,"D",2786.68096384319,"+"
"SE",500,"Seed-feeding bird",273.148399464099,"Seed dispersal",490,"D",133842.715737409,"+"
"SE",501,"Seed-feeding bird",303.851101448153,"Seed dispersal",452.1,"D",137371.08296471,"+"
"SE",502,"Seed-feeding bird",73.0186367167297,"Seed dispersal",246,"D",17962.5846323155,"+"
"SE",504,"Seed-feeding bird",125.978874823398,"Seed dispersal",23.81,"D",2999.55700954511,"+"
"M",499,"Seed-feeding bird",83.0259534120586,"Seed dispersal",26,"D",2158.67478871352,"+"
"M",500,"Seed-feeding bird",212.132264128266,"Seed dispersal",490,"D",103944.80942285,"+"
"M",501,"Seed-feeding bird",235.97656890732,"Seed dispersal",452.1,"D",106685.006802999,"+"
"M",502,"Seed-feeding bird",56.5631632152297,"Seed dispersal",246,"D",13914.5381509465,"+"
"M",504,"Seed-feeding bird",97.8376003705315,"Seed dispersal",23.81,"D",2329.51326482236,"+"
"SI",499,"Seed-feeding bird",77.8034488371757,"Seed dispersal",26,"D",2022.88966976657,"+"
"SI",501,"Seed-feeding bird",221.300994303896,"Seed dispersal",452.1,"D",100050.179524792,"+"
"SI",504,"Seed-feeding bird",91.7530004888306,"Seed dispersal",23.81,"D",2184.63894163906,"+"
"SI",500,"Seed-feeding bird",198.939586217815,"Seed dispersal",490,"D",97480.3972467295,"+"
"SI",502,"Seed-feeding bird",53.0052229986892,"Seed dispersal",246,"D",13039.2848576775,"+"
"I",499,"Seed-feeding bird",80.7411076605473,"Seed dispersal",26,"D",2099.26879917423,"+"
"I",504,"Seed-feeding bird",95.1755879222874,"Seed dispersal",23.81,"D",2266.13074842966,"+"
"I",500,"Seed-feeding bird",206.360467542444,"Seed dispersal",490,"D",101116.629095797,"+"
"I",501,"Seed-feeding bird",229.556005018322,"Seed dispersal",452.1,"D",103782.269868783,"+"
"I",502,"Seed-feeding bird",55.0065643704932,"Seed dispersal",246,"D",13531.6148351413,"+"
"E",519,"Butterfly",308.346505294,"Butterfly watching",0.078,"D",24.051027412932,"+"
"E",524,"Butterfly",78.450780223,"Butterfly watching",0.136,"D",10.669306110328,"+"
"E",514,"Butterfly",213.547754934,"Butterfly watching",0.056,"D",11.958674276304,"+"
"E",516,"Butterfly",178.975910968,"Butterfly watching",0.128,"D",22.908916603904,"+"
"E",517,"Butterfly",4709.50244501,"Butterfly watching",0.0215,"D",101.254302567715,"+"
"E",523,"Butterfly",109.034372934,"Butterfly watching",0.061,"D",6.651096748974,"+"
"E",513,"Butterfly",596.157977109,"Butterfly watching",0.04,"D",23.84631908436,"+"
"E",525,"Butterfly",376.628607975,"Butterfly watching",0.067,"D",25.234116734325,"+"
"E",522,"Butterfly",70.543187389,"Butterfly watching",0.051,"D",3.597702556839,"+"
"E",512,"Butterfly",61.246444452,"Butterfly watching",0.0118,"D",0.7227080445336,"+"
"E",521,"Butterfly",18.012781921,"Butterfly watching",0.0376,"D",0.6772806002296,"+"
"E",515,"Butterfly",64.623136982,"Butterfly watching",0.088,"D",5.686836054416,"+"
"E",526,"Butterfly",27.116044156,"Butterfly watching",0.041,"D",1.111757810396,"+"
"E",520,"Butterfly",38.175601595,"Butterfly watching",0.0725,"D",2.7677311156375,"+"
"E",511,"Butterfly",10.11510555,"Butterfly watching",0.0413,"D",0.417753859215,"+"
"E",518,"Butterfly",47.40897436,"Butterfly watching",0.0725,"D",3.4371506411,"+"
"SE",519,"Butterfly",300.525988928694,"Butterfly watching",0.078,"D",23.4410271364381,"+"
"SE",524,"Butterfly",73.86544812,"Butterfly watching",0.136,"D",10.04570094432,"+"
"SE",514,"Butterfly",204.377090726,"Butterfly watching",0.056,"D",11.445117080656,"+"
"SE",516,"Butterfly",169.805246762,"Butterfly watching",0.128,"D",21.735071585536,"+"
"SE",517,"Butterfly",4847.01549993026,"Butterfly watching",0.0215,"D",104.210833248501,"+"
"SE",523,"Butterfly",109.034372934,"Butterfly watching",0.061,"D",6.651096748974,"+"
"SE",513,"Butterfly",575.234252903523,"Butterfly watching",0.04,"D",23.0093701161409,"+"
"SE",525,"Butterfly",341.296097642658,"Butterfly watching",0.067,"D",22.8668385420581,"+"
"SE",522,"Butterfly",70.543187389,"Butterfly watching",0.051,"D",3.597702556839,"+"
"SE",512,"Butterfly",71.0699256250721,"Butterfly watching",0.0118,"D",0.83862512237585,"+"
"SE",521,"Butterfly",18.012781921,"Butterfly watching",0.0376,"D",0.6772806002296,"+"
"SE",515,"Butterfly",60.03780488,"Butterfly watching",0.088,"D",5.28332682944,"+"
"SE",526,"Butterfly",13.360047846,"Butterfly watching",0.041,"D",0.547761961686,"+"
"SE",520,"Butterfly",33.590269492,"Butterfly watching",0.0725,"D",2.43529453817,"+"
"SE",511,"Butterfly",10.11510555,"Butterfly watching",0.0413,"D",0.417753859215,"+"
"SE",518,"Butterfly",57.2324555336937,"Butterfly watching",0.0725,"D",4.14935302619279,"+"
"M",519,"Butterfly",261.50162237536,"Butterfly watching",0.078,"D",20.3971265452781,"+"
"M",524,"Butterfly",68.807908359,"Butterfly watching",0.136,"D",9.357875536824,"+"
"M",514,"Butterfly",189.204393356,"Butterfly watching",0.056,"D",10.595446027936,"+"
"M",516,"Butterfly",154.632549394,"Butterfly watching",0.128,"D",19.792966322432,"+"
"M",517,"Butterfly",4845.42339792958,"Butterfly watching",0.0215,"D",104.176603055486,"+"
"M",523,"Butterfly",109.034372934,"Butterfly watching",0.061,"D",6.651096748974,"+"
"M",513,"Butterfly",386.479492004662,"Butterfly watching",0.04,"D",15.4591796801865,"+"
"M",525,"Butterfly",339.082398298491,"Butterfly watching",0.067,"D",22.7185206859989,"+"
"M",522,"Butterfly",70.543187389,"Butterfly watching",0.051,"D",3.597702556839,"+"
"M",512,"Butterfly",78.9714213512387,"Butterfly watching",0.0118,"D",0.931862771944617,"+"
"M",521,"Butterfly",16.60496411,"Butterfly watching",0.0376,"D",0.624346650536,"+"
"M",515,"Butterfly",60.03780488,"Butterfly watching",0.088,"D",5.28332682944,"+"
"M",526,"Butterfly",8.302482057,"Butterfly watching",0.041,"D",0.340401764337,"+"
"M",520,"Butterfly",8.302482057,"Butterfly watching",0.0725,"D",0.6019299491325,"+"
"M",518,"Butterfly",65.1339512603604,"Butterfly watching",0.0725,"D",4.72221146637613,"+"
"SI",519,"Butterfly",223.698486457207,"Butterfly watching",0.078,"D",17.4484819436622,"+"
"SI",513,"Butterfly",413.975045667923,"Butterfly watching",0.04,"D",16.5590018267169,"+"
"SI",516,"Butterfly",35.13035871,"Butterfly watching",0.128,"D",4.49668591488,"+"
"SI",517,"Butterfly",5804.64786588021,"Butterfly watching",0.0215,"D",124.799929116425,"+"
"SI",514,"Butterfly",35.13035871,"Butterfly watching",0.056,"D",1.96730008776,"+"
"SI",522,"Butterfly",35.13037506,"Butterfly watching",0.051,"D",1.79164912806,"+"
"SI",525,"Butterfly",293.95919865932,"Butterfly watching",0.067,"D",19.6952663101744,"+"
"SI",515,"Butterfly",35.130358707,"Butterfly watching",0.088,"D",3.091471566216,"+"
"SI",512,"Butterfly",188.568127735275,"Butterfly watching",0.0118,"D",2.22510390727624,"+"
"SI",518,"Butterfly",188.568127747207,"Butterfly watching",0.0725,"D",13.6711892616725,"+"
"I",519,"Butterfly",293.956996425856,"Butterfly watching",0.078,"D",22.9286457212168,"+"
"I",512,"Butterfly",293.956996407255,"Butterfly watching",0.0118,"D",3.4686925576056,"+"
"I",513,"Butterfly",589.622424304214,"Butterfly watching",0.04,"D",23.5848969721686,"+"
"I",517,"Butterfly",6191.03545586273,"Butterfly watching",0.0215,"D",133.107262301049,"+"
"I",525,"Butterfly",293.956996394854,"Butterfly watching",0.067,"D",19.6951187584552,"+"
"I",518,"Butterfly",293.956996425856,"Butterfly watching",0.0725,"D",21.3118822408745,"+"
"E",495,"Seed-feeding bird",49.697605288,"Bird watching",37.31,"D",1854.21765329528,"+"
"E",496,"Seed-feeding bird",295.873422015,"Bird watching",527.86,"D",156179.744544838,"+"
"E",497,"Seed-feeding bird",43.0016329872,"Bird watching",19.53,"D",839.821892240016,"+"
"E",498,"Seed-feeding bird",1019.632861215,"Bird watching",16,"D",16314.12577944,"+"
"E",499,"Seed-feeding bird",105.399637784,"Bird watching",26,"D",2740.390582384,"+"
"E",501,"Seed-feeding bird",326.679857329,"Bird watching",452.1,"D",147691.963498441,"+"
"E",503,"Seed-feeding bird",121.008724976,"Bird watching",29.7,"D",3593.9591317872,"+"
"SE",495,"Seed-feeding bird",49.697605288,"Bird watching",37.31,"D",1854.21765329528,"+"
"SE",496,"Seed-feeding bird",300.459090613919,"Bird watching",527.86,"D",158600.335571463,"+"
"SE",497,"Seed-feeding bird",43.0016329872,"Bird watching",19.53,"D",839.821892240016,"+"
"SE",498,"Seed-feeding bird",1021.93353762634,"Bird watching",16,"D",16350.9366020215,"+"
"SE",499,"Seed-feeding bird",107.180037070892,"Bird watching",26,"D",2786.68096384319,"+"
"SE",501,"Seed-feeding bird",303.851101448153,"Bird watching",452.1,"D",137371.08296471,"+"
"SE",503,"Seed-feeding bird",124.142959969748,"Bird watching",29.7,"D",3687.04591110151,"+"
"M",495,"Seed-feeding bird",38.3085707428333,"Bird watching",37.31,"D",1429.29277441511,"+"
"M",496,"Seed-feeding bird",233.342268506419,"Bird watching",527.86,"D",123172.049853798,"+"
"M",497,"Seed-feeding bird",32.2512247404,"Bird watching",19.53,"D",629.866419180012,"+"
"M",498,"Seed-feeding bird",795.896646482865,"Bird watching",16,"D",12734.3463437258,"+"
"M",499,"Seed-feeding bird",83.0259534120586,"Bird watching",26,"D",2158.67478871352,"+"
"M",501,"Seed-feeding bird",235.97656890732,"Bird watching",452.1,"D",106685.006802999,"+"
"M",503,"Seed-feeding bird",96.4117938294144,"Bird watching",29.7,"D",2863.43027673361,"+"
"SI",496,"Seed-feeding bird",218.830523185878,"Bird watching",527.86,"D",115511.879968898,"+"
"SI",497,"Seed-feeding bird",29.4304532071743,"Bird watching",19.53,"D",574.776751136115,"+"
"SI",498,"Seed-feeding bird",746.538714918036,"Bird watching",16,"D",11944.6194386886,"+"
"SI",499,"Seed-feeding bird",77.8034488371757,"Bird watching",26,"D",2022.88966976657,"+"
"SI",501,"Seed-feeding bird",221.300994303896,"Bird watching",452.1,"D",100050.179524792,"+"
"SI",503,"Seed-feeding bird",90.4158660152883,"Bird watching",29.7,"D",2685.35122065406,"+"
"SI",495,"Seed-feeding bird",35.0485645401014,"Bird watching",37.31,"D",1307.66194299118,"+"
"I",496,"Seed-feeding bird",226.993379928682,"Bird watching",527.86,"D",119820.725529154,"+"
"I",497,"Seed-feeding bird",30.6289784509054,"Bird watching",19.53,"D",598.183949146183,"+"
"I",498,"Seed-feeding bird",774.302551423252,"Bird watching",16,"D",12388.840822772,"+"
"I",499,"Seed-feeding bird",80.7411076605473,"Bird watching",26,"D",2099.26879917423,"+"
"I",501,"Seed-feeding bird",229.556005018322,"Bird watching",452.1,"D",103782.269868783,"+"
"I",503,"Seed-feeding bird",93.7885754107342,"Bird watching",29.7,"D",2785.52068969881,"+"
"I",495,"Seed-feeding bird",36.4337173901892,"Bird watching",37.31,"D",1359.34199582796,"+"
